"pathway","pval","padj","ES","NES","nMoreExtreme","size","leadingEdge"
"HALLMARK_ADIPOGENESIS",0.00775193798449612,0.0208333333333333,-0.46707485186007,-2.19251841278762,0,198,"HSPB8,MYLK,LIFR,CAVIN2,CYP4B1,CD36,GPX3,SULT1A1,SPARCL1,ACADS,SORBS1,PDCD4,OMD,ITIH5,RETSAT,ITGA7,CMBL,SNCG,ACOX1,ACAA2,TST,RIOK3,MGLL,SSPN,FABP4,EPHX2,PGM1,ENPP2,SQOR,ACADM,ADIPOQ,CAVIN1,CPT2,ANGPT1,LPCAT3,CIDEA,SCP2,MTARC2,LEP,ACADL,PHYH,ACO2,STOM,CRAT,CCNG2,RNF11,CD302,CAT,PTGER3,HADH,ELOVL6,MIGA2,MGST3,ADCY6,IDH3A,ATP1B3,LTC4S,FZD4,APLP2,GHITM,SUCLG1,PPARG,DECR1,ITSN1,ABCA1,HIBCH,CHCHD10,PHLDB1,ARL4A,GPD2,ECH1,RAB34,CDKN2C,NDUFA5,C3,SDHB,ECHS1,ESRRA,SOWAHC,RREB1,AGPAT3,BCL2L13,IFNGR1,DHRS7,DLD,DBT,COQ9"
"HALLMARK_ALLOGRAFT_REJECTION",0.0075187969924812,0.0208333333333333,-0.325210742805142,-1.51274913910998,0,196,"ELANE,CCL13,CARTPT,CD79A,IRF4,PRKCB,KRT1,CCL19,FLNA,CCR2,TLR3,IL16,CD1D,HDAC9,APBB1,CXCL13,STAB1,GZMA,CCL11,CCL5,MAP4K1,CD96,CD40LG,LY86,CTSS,FAS,TRAT1,HCLS1,CFP,ITGAL,B2M,CD8A,CD3E,WAS,CSF1,CD3G,LTB,CD4,CD247,IL10,CD7,PTPRC,FCGR2B,ACHE,ST8SIA4,CD28,GBP2,FASLG,IL18,EGFR,IL2RB,BCL10,TLR1,CD3D,HLA-DOB,FYB1,NCR1,IL18RAP,TLR6,CD8B,ITK,ELF4,IL4R,HLA-DQA1,CCR5,HLA-DMB,STAT4,CD2,HLA-G,SIT1,ETS1,NCK1,NCF4,HLA-E,ACVR2A,CCL2,HLA-DOA,EIF4G3,SPI1,IL15,HLA-DRA"
"HALLMARK_ANDROGEN_RESPONSE",0.00367647058823529,0.0208333333333333,-0.35446954237889,-1.50463092040411,1,100,"SLC26A2,LIFR,SELENOP,HPGD,SGK1,PLPP1,ADAMTS1,MAF,IQGAP2,AKAP12,GPD1L,PTPN21,TMPRSS2,NDRG1,PTK2B,FKBP5,B2M,GUCY1A1,NCOA4,ZMIZ1,SPDEF,VAPA,UAP1,KLK3,STEAP4,KRT19,B4GALT1,HOMER2,KRT8,TMEM50A,HSD17B14,UBE2J1"
"HALLMARK_ANGIOGENESIS",0.0273432835820896,0.0569651741293532,0.556486294587056,1.48607687706305,228,35,"SPP1,OLR1,MSX1,CXCL6,STC1,TIMP1,JAG2,PF4,COL5A2,VCAN,VEGFA,POSTN,COL3A1"
"HALLMARK_APICAL_JUNCTION",0.0393700787401575,0.0757116898849182,-0.255883403484194,-1.2019099703422,4,199,"CLDN8,CADM3,ACTG2,CADM2,FLNC,MYL9,NEGR1,SPEG,CNTN1,MADCAM1,CD209,CLDN11,NEXN,NRAP,CLDN5,CALB2,SLIT2,JAM3,SGCE,ADRA1B,LIMA1,GNAI1,NFASC,NHERF4,NLGN3,ARHGEF6,COL17A1,WASL,NRXN2,CLDN19,VCL,CRAT,CLDN7,NECTIN3,PALS1,PTPRC,HADH,RHOF,ADAM23,AKT3,EGFR,FYB1,SORBS3,PARVA,CD34,EVL,VCAM1,PCDH1,ACTC1,SKAP2,KCNH2,B4GALT1,CTNND1,PECAM1,LDLRAP1,CAP1,LAMA3,PTEN,VWF,GAMT,LAYN,MYL12B,ITGA3,RSU1,DSC1,MSN,VASP,RAC2,ACTN3,TSPAN4,MYH9,CTNNA1,CDH1,ACTN2,PARD6G,TJP1"
"HALLMARK_APICAL_SURFACE",0.233238231098431,0.388730385164051,-0.308866691571958,-1.12817582245754,326,44,"MAL,SLC2A4,SRPX,SCUBE1,CD160,NTNG1,ATP8B1,EFNA5,MDGA1,AKAP7,SLC34A3,IL2RB,CRYBG1,GSTM3,B4GALT1,GAS1"
"HALLMARK_APOPTOSIS",0.020746887966805,0.047152018106375,-0.273876819129532,-1.23372617668659,4,159,"GPX3,CLU,PDCD4,RETSAT,BMP2,CAV1,GSN,NEFH,CASP7,EMP1,IGFBP6,HMOX1,DCN,SLC20A1,TNFSF10,TXNIP,DPYD,FEZ1,CCNA1,RNASEL,BMF,LGALS3,TGFBR3,CDKN1A,FAS,GSTM1,BCL2L11,SMAD7,NEDD9,BCL2L10,CD38,CD69,CD14,BCL2L2,AIFM3,ADD1,FASLG,IL18,BCL10,ISG20,PSEN1"
"HALLMARK_BILE_ACID_METABOLISM",0.00214592274678112,0.0208333333333333,-0.464096664315644,-2.00993998658693,0,111,"APOA1,ABCA8,RXRG,NR1H4,SLC23A1,NR3C2,SULT1B1,ABCA9,ABCA6,RETSAT,BMP6,ABCG8,PEX26,ABCD2,CYP8B1,HSD3B1,AR,EPHX2,BCAR3,HSD17B6,CROT,PEX11A,SOAT2,HSD17B11,TFCP2L1,SCP2,ABCA5,PHYH,ABCD3,RXRA,ALDH1A1,CYP27A1,PECR,CAT,NUDT12,SLC27A2,OPTN"
"HALLMARK_CHOLESTEROL_HOMEOSTASIS",0.998910438003922,1,0.170209980291105,0.501673345895725,9167,74,"TRIB3,TNFRSF12A,SCD,S100A11,FADS2,SQLE,TMEM97,FASN,DHCR7,CBS,TM7SF2,NSDHL,HSD17B7,ALDOC,ALCAM,CXCL16"
"HALLMARK_COAGULATION",0.232495604509256,0.388730385164051,0.364074166005983,1.13338605451467,2247,134,"KLK8,MMP7,COMP,MMP8,MMP3,SERPINB2,MMP1,MMP11,OLR1,F2,CPN1,SERPINE1,MMP10,HPN,PLAU,TFPI2,TIMP1,DCT,FGA,F12,PF4,CPB2,DUSP14,C2,MST1,F2RL2,CTSV,APOC1,SPARC,CFB,S100A1,ITGA2,PROZ,MMP9,C9,FGG"
"HALLMARK_COMPLEMENT",0.00833333333333333,0.0208333333333333,-0.306186966803923,-1.43062661898396,0,200,"APOA4,CA2,CR2,CPM,CD36,CLU,CSRP1,CASP5,SCG3,CP,GNG2,CASP7,FCN1,PIK3CG,ZEB1,KCNIP3,GZMA,HPCAL4,PLG,CR1,C1QA,CCL5,PRSS36,CD40LG,C1QC,CPQ,CFH,LGALS3,CTSS,ZFPM2,GP1BA,DOCK10,WAS,KLK1,BRPF3,CDA,GP9,LTF,DYRK2,GNGT2,PIK3R5,CASP10,F8,CTSO,CALM1,KLKB1,PRKCD,SERPINC1,PPP2CB,PSEN1,SIRT6,PLAT,HSPA1A,SPOCK2,ITIH1,MMP15,DUSP5,SERPING1,GPD2,GMFB,C1S,CTSD,LIPA,IRF2,TIMP2,C3,GZMK,PCLO,SH2B3,C1R,EHD1,LGMN,DPP4,LRP1,CASP9,ADRA2B,CALM3,CASP3,RHOG,FDX1"
"HALLMARK_DNA_REPAIR",0.753133347031025,0.865592635212888,0.280085029710629,0.878070771542561,7330,150,"SUPT4H1,CCNO,NME1,POLR2I,RFC3,POLR1C,NELFCD,RAE1,ADRM1,RFC4,ADA,PCNA,POLR1D,POLA2,POLB,PRIM1,POLA1,FEN1,POLR1H,POLD1,MPG,LIG1,ALYREF,TAF10,TARBP2,SAC3D1,IMPDH2,VPS37D,TYMS,SNAPC4,POLR2D,UPF3B,ZWINT,RFC2,RFC5,HPRT1,BCAP31,ITPA,RPA3,POLR2G,TAF1C,CSTF3,TP53,RAD51,GUK1,ERCC2,NCBP2,SSRP1,UMPS,GTF2H3,TAF9,APRT,POLR2H,CETN2,POLR3C,ZNF707,GPX4,PNP,POLR2K,AAAS,SRSF6,BOLA2,POLR2F,ERCC3,TMED2,NUDT21,SMAD5,GTF3C5,ERCC8,NME4,POLL,POLH,SF3A3,DDB2,POLR2C,ARL6IP1,DGUOK"
"HALLMARK_E2F_TARGETS",0.000101194090265129,0.00505970451325643,0.526642032952904,1.67784241332238,0,200,"CDKN2A,TRIP13,NME1,CDC25B,BRCA2,MYBL2,ORC6,DSCC1,MYC,RNASEH2A,RFC3,UBE2S,KIF18B,GINS1,DIAPH3,ATAD2,HELLS,WDR90,CDK1,CCNE1,CSE1L,MTHFD2,UBE2T,MAD2L1,AURKA,CKS2,CDCA3,PLK1,BIRC5,RRM2,KIF2C,MELK,TOP2A,CENPE,NOP56,MMS22L,HMGA1,LYAR,GINS4,KIF4A,PTTG1,CDK4,HMMR,CDKN3,PRDX4,CHEK1,SPC24,EZH2,SNRPB,POLD2,MCM7,BRCA1,BUB1B,PAICS,RAD51AP1,MCM2,KPNA2,DLGAP5,SUV39H1,MCM4,SPC25,AURKB,CDC25A,CTPS1,CDC20,PRKDC,EXOSC8,PCNA,DDX39A,RACGAP1,RANBP1,POLA2,NOLC1,RAN,H2AX,ASF1B,CIT,CDCA8,NAP1L1,TACC3,DONSON,MCM3,SPAG5,GINS3,TIMELESS,MKI67,CCNB2,PLK4,ESPL1,CKS1B,POLD1,PSMC3IP,PA2G4,MCM6,NUP107,DEPDC1,LIG1,TK1,CHEK2,STMN1,DNMT1,TIPIN,PRPS1,TUBG1,TBRG4,H2AZ1,NUP205,CENPM,MXD3,BARD1,MRE11,PRIM2,RFC2,POP7,SLBP,SMC4,MSH2,IPO7,WEE1,RPA3,MCM5,SYNCRIP,CNOT9,XPO1,HMGB3,TP53,NCAPD2,PNN,TMPO,ILF3,RAD1,PAN2,TCF19,TUBB,RBBP7,SSRP1,LMNB1,RAD50,ANP32E,E2F8,TFRC,DCLRE1B,NASP,RAD51C,DEK"
"HALLMARK_EPITHELIAL_MESENCHYMAL_TRANSITION",0.618801861971261,0.793335720475976,0.299031909287955,0.952693459591311,6114,200,"COL11A1,COMP,INHBA,PRSS2,MMP3,MMP1,ADAM12,SPP1,CXCL8,CTHRC1,DKK1,MSX1,FAP,TGFBI,COL7A1,SFRP4,CXCL1,OXTR,MATN3,COL1A1,BGN,TNFRSF12A,CXCL6,SERPINE1,THBS2,SNTB1,TFPI2,TIMP1,COL12A1,TNFRSF11B,AREG,LRRC15,PMEPA1,COL5A2,LOXL2,CDH11,PRRX1,COL1A2,COL5A1,VCAN,VEGFA,WNT5A,SPARC,BDNF,ITGA2,CD44,THY1,POSTN,SERPINE2,COL3A1,MCM7,FOXC2,LOX,FSTL3,COL5A3,P3H1,PLOD3,MXRA5,SERPINH1,MMP14,COL4A1,CDH6,MEST"
"HALLMARK_ESTROGEN_RESPONSE_EARLY",0.031496062992126,0.062992125984252,-0.275230123957102,-1.29278345378501,3,199,"SLC26A2,HSPB8,CCN5,GFRA1,CXCL12,KLF4,PDZK1,CA12,PGR,MAPT,PAPSS2,NPY1R,PDLIM3,SYNGR1,SLC22A5,SVIL,SLC1A1,MPPED2,CALB2,OLFM1,OPN3,ENDOD1,AR,FCMR,ADCY9,BCL2,PEX11A,SNX24,CYP26B1,RETREG1,TJP3,TUBB2B,REEP1,NHERF1,P2RY2,FKBP5,OLFML3,FLNB,IL6ST,RAPGEFL1,TIAM1,MINDY1,CLDN7,THSD4,KCNK5,SEMA3B,SCNN1A,SLC16A1,SLC27A2,EEIG1,AFF1,RET,DLC1,TMEM164,NRIP1,KLF10,SLC24A3,KRT19,FOS,B4GALT1,NBL1,SLC7A2,KRT8,CBFA2T3,HR,SFN,GAB2,UGCG"
"HALLMARK_ESTROGEN_RESPONSE_LATE",0.0236220472440945,0.0513522766175967,-0.284779963775376,-1.33764000773289,2,199,"CA2,SLC26A2,HSPB8,CCN5,SGK1,CXCL12,SCUBE2,KLF4,PDZK1,HMGCS2,CA12,PGR,MAPT,GPER1,ATP2B4,PDCD4,PAPSS2,NPY1R,PDLIM3,SLC22A5,CAV1,UGDH,PRKAR2B,OLFM1,OPN3,TPSAB1,TST,CCNA1,BCL2,CKB,PCP4,CYP26B1,LARGE1,TJP3,CHST8,NHERF1,FKBP5,FLNB,IL6ST,RAPGEFL1,TIAM1,ASCL1,LTF,KCNK5,PTGER3,SEMA3B,SCNN1A,IMPA2,SLC16A1,SLC27A2,EEIG1,ISG20,AFF1,RET,ID2,NRIP1,SLC24A3,KRT19,FOS,SERPINA5,NBL1,HOMER2"
"HALLMARK_FATTY_ACID_METABOLISM",0.00421940928270042,0.0208333333333333,-0.399026946425659,-1.79148481563394,0,158,"CA4,CA2,ADH1C,FABP2,HPGD,FABP1,AOC3,TP53INP2,CD36,HMGCS2,ACADS,AQP7,MAOA,SLC22A5,RETSAT,FMO1,ETFDH,UGDH,CD1D,ACOX1,ACAA2,MGLL,PRDX6,SUCLG2,CYP4A11,CPT1A,ACADM,HSD17B11,CPT2,EHHADH,CIDEA,ACADL,ECI2,ACO2,HADHB,CRAT,SDHD,ALDH1A1,ACAA1,HADH,SERINC1,GABARAPL1,HMGCL,EPHX1,LTC4S,ALAD,AUH,SUCLG1,DECR1,ACADVL,CBR1,HIBCH,ACOT2,GSTZ1,ACSM3,PPARA,ALDH3A2,GPD2,ECH1"
"HALLMARK_G2M_CHECKPOINT",0.00799433313094515,0.0208333333333333,0.429064922015698,1.36696898306858,78,200,"PTTG3P,SLC7A5,PRC1,CDC25B,UBE2C,BRCA2,MYBL2,ORC6,MYC,TROAP,E2F1,TPX2,UBE2S,CCND1,CDC45,SQLE,CDC6,CDK1,RAD54L,EXO1,MAD2L1,AURKA,SLC12A2,CKS2,CCNF,PLK1,BIRC5,CENPF,KIF2C,CENPA,DKC1,POLQ,NEK2,BUB1,HOXC10,TOP2A,CENPE,KIF23,HMGA1,KIF4A,PTTG1,CDK4,HMMR,RBL1,CDKN3,CHEK1,EZH2,TTK,MCM2,KPNA2,TRAIP,SUV39H1,AURKB,CDC25A,STIL,CCNA2,CDC20,DBF4,PBK,GINS2,DDX39A,ODC1,RACGAP1,SLC7A1,POLA2,NOLC1,H2AX,KIF20B,TACC3,CDC7,MCM3,DTYMK,MKI67,CCNB2,PLK4,ESPL1,CKS1B,KNL1,KIF11,MCM6,FBXO5,PRMT5,KIF15,STMN1,CHAF1A,E2F3,TFDP1,H2AZ1,ODF2,NDC80,MNAT1,SNRPD1,CUL4A,BARD1,PRIM2,NCL,BUB3,SMC4,SMARCC1,ORC5,MCM5,SYNCRIP,SMC2,INCENP,RASAL2,XPO1,HMGB3,TMPO,G3BP1,PML,SAP30,ILF3,TNPO2"
"HALLMARK_GLYCOLYSIS",0.879558346839546,0.956041681347333,0.255122282814284,0.812218542404294,8682,197,"MIF,CHST4,STC2,MIOX,HS6ST2,TKTL1,TGFBI,ABCB6,CLDN9,STC1,HOMER1,EFNA3,MET,SOX9,CHPF,DDIT4,CDK1,COL5A1,VCAN,AURKA,KIF20A,VEGFA,CENPA,CD44,GALK1,HMMR,IER3,NANP,PPFIA4,GFUS,ME1,AGRN,ERO1A,POLR3K,KDELR3,NSDHL,PKM,DEPDC1,IGFBP3,FUT8,ANKZF1,STMN1,P4HA1,GNPDA1,NOL3,PRPS1,RBCK1,B3GALT6,SLC25A10,CHST1,SRD5A3,GAPDHS,BIK,PPIA,ENO1,ALDOA,IDUA,GPC1,PGK1,SPAG4,PAXIP1,IRS2,FKBP4"
"HALLMARK_HEDGEHOG_SIGNALING",0.306911857958148,0.495019125738949,-0.308579490970222,-1.07487382674658,483,36,"CNTFR,UNC5C,SCG2,RTN1,L1CAM,PLG,VLDLR,NRP2,ACHE"
"HALLMARK_HEME_METABOLISM",0.00709219858156028,0.0208333333333333,-0.342047611154206,-1.58015150862288,0,193,"CA1,SLC30A10,ABCG2,CA2,TNS1,HBB,ACKR1,SELENBP1,TENT5C,GYPC,KAT2B,MXI1,SNCA,ENDOD1,SLC22A4,NR3C1,SLC6A9,RIOK3,MARCHF8,TRIM58,IGSF3,CLIC2,LMO2,GYPE,ADD2,SLC4A1,ALAS2,PC,GATA1,SLC6A8,TAL1,BSG,TRAK2,SIDT2,NCOA4,SLC66A2,MARCHF2,CAT,XK,ALDH6A1,ATG4A,NFE2L1,MGST3,ADD1,TRIM10,OPTN,LRP10,FECH,TMEM9B,ALAD,YPEL5,SYNJ1,KLF3,DCAF11,GDE1,TMCC2,E2F2,NEK7,NNT,BMP2K,LPIN2,C3,HEBP1,HTATIP2,CCDC28A,SLC30A1,MKRN1,FBXO34,BTG2,DAAM1,ALDH1L1,BCAM,ISCA1,ERMAP,PPP2R5B,RHAG,RNF19A,ATP6V0A1,ACP5,ARHGEF12,KHNYN,H1-0,EZH1"
"HALLMARK_HYPOXIA",0.00769230769230769,0.0208333333333333,-0.310697394564933,-1.4525790113673,0,197,"B4GALNT2,PYGM,GCNT2,ALDOB,CCN5,PLAC8,EDN2,PCK1,SRPX,KIF5A,MT1E,CA12,UGP2,MT2A,PPP1R3C,SELENBP1,CAV1,CP,CITED2,PPARGC1A,HMOX1,DCN,MXI1,STBD1,NR3C1,SLC2A5,AKAP12,DTNA,PGM1,BCL2,NDRG1,HK2,LXN,CAVIN1,LARGE1,NEDD4L,CDKN1A,FAM162A,VLDLR,DUSP1,CCNG2,GCK,PHKG1,FOSL2,NDST1,EGFR,BTG1,KLF6,ISG20"
"HALLMARK_IL2_STAT5_SIGNALING",0.0078740157480315,0.0208333333333333,-0.312169345390103,-1.46629067595132,0,199,"CA2,SCN9A,PENK,SMPDL3A,FGL2,IRF4,MAP6,PTH1R,ITIH5,CD79B,PLPP1,BMP2,GLIPR2,IL1R2,ABCB1,EMP1,SHE,TLR7,MXD1,TNFSF10,AHNAK,BCL2,P2RX4,CD48,NDRG1,IL10RA,HK2,ENPP1,NCS1,SOCS2,APLP1,GATA1,SH3BGRL2,SYT11,TIAM1,CSF1,LTB,RHOH,IL10,ST3GAL4,WLS,SELL,MYO1C,GALM,GABARAPL1,SELP,PRNP,SERPINC1,CDC42SE2,IL2RB,PTGER2,HYCC2,KLF6,IL3RA,ETFBKMT"
"HALLMARK_IL6_JAK_STAT3_SIGNALING",0.141993957703928,0.262951773525792,-0.278142807255948,-1.15589210252066,93,87,"CNTFR,CD36,IL1R2,HMOX1,ACVRL1,CXCL13,EBI3,A2M,ITGB3,LEPR,CSF2RB,FAS,IL6ST,CSF1,LTB,CD38,CD14,PIK3R5,PLA2G2A,TNFRSF1A,IL1R1,ITGA4,IL3RA,BAK1,IL4R,IL9R,IL18R1"
"HALLMARK_INFLAMMATORY_RESPONSE",0.409448818897638,0.568678915135608,-0.217570802175527,-1.02195184536956,51,199,"SLC4A4,VIP,MEP1A,KCNA3,LPAR1,TLR3,TACR1,MXD1,SLC28A2,PTGER4,TNFSF10,SRI,STAB1,CMKLR1,EBI3,P2RX4,CD48,CCL5,ITGB3,IL10RA,PCDH7,SLAMF1,BDKRB1,CCR7,SCN1B,CDKN1A,P2RY2,GP1BA,MARCO,NMUR1,CSF1,AXL,ATP2B1,IL10,KCNMB2,CD69,CD14,FZD5,PIK3R5,ADGRE1,SELL,ROS1,GPR183,P2RX7,IL18,IL2RB,TLR1,IL1R1,PTGER2,KLF6,EMP3,PSEN1,ITGA5,IL18RAP,SLC1A2,IL4R,LTA,ABCA1,KCNJ2,IL18R1,SLC7A2,CXCR6,SELENOS,CCRL2,C3AR1,NFKBIA,TACR3,ACVR2A,KIF1B,CCL2,ADORA2B,IL15,SGMS2,CYBB,BTG2,ACVR1B,CHST2"
"HALLMARK_INTERFERON_ALPHA_RESPONSE",0.864347826086956,0.956041681347333,-0.200562799061304,-0.850403452107511,496,97,"RSAD2,TXNIP,DDX60,OASL,SAMD9,TMEM140,B2M,CSF1,TENT5A,SELL,GBP2,ISG20,IFIT2,TDRD7,IL4R,CMPK2,UBA7,SAMD9L,C1S,CCRL2,IRF2,TRIM25,TRIM14,IL15,HLA-C,CD74,PARP12,TRAFD1,IFI35"
"HALLMARK_INTERFERON_GAMMA_RESPONSE",0.0078740157480315,0.0208333333333333,-0.336386773832952,-1.58004236248188,0,199,"SECTM1,P2RY14,FGL2,IRF4,MT2A,CASP7,EIF4E3,SLAMF7,SPPL2A,RSAD2,TNFSF10,TXNIP,SRI,SSPN,DDX60,GZMA,OASL,CMKLR1,BANK1,CCL5,ITGB7,IL10RA,CSF2RB,CFH,XCL1,CDKN1A,FAS,B2M,CD38,CD69,MVP,TMT1B,SELP,IFIT1,ST8SIA4,IL2RB,VAMP8,BTG1,ISG20,IFIT2,TDRD7,VCAM1,IL4R,HLA-DQA1,RIPK1,STAT4,UPP1,HLA-G,ARL4A,CMPK2,SERPING1,SAMD9L,C1S,NFKBIA,IRF2,RIGI,CCL2,APOL6,TRIM25,TRIM14,IL15,IL18BP,VAMP5,C1R,MYD88,CD74,CASP3,HLA-B,HLA-DRB1,PARP12,TRAFD1,IFI35,CD86,STAT3,SP110,MARCHF1,SAMHD1,TOR1B,ST3GAL5,CASP1,JAK2"
"HALLMARK_KRAS_SIGNALING_DN",0.718677082276555,0.855567955091136,0.285193540492317,0.906362693026376,7083,190,"KLK7,KLK8,SPRR3,TNNI3,SERPINB2,CALCB,CALML5,KRT5,TG,PKP1,TLX1,KRT4,PAX3,TFF2,SPTBN2,AMBN,CLDN16,BRDT,EDAR,KRT13,HTR1D,CHRNG,LGALS7,SLC38A3,GPR3,SLC6A14,SERPINA10,SLC6A3,CACNG1,PNMT,CCR8,SHOX2,MSH5,CDH16,LYPD3"
"HALLMARK_KRAS_SIGNALING_UP",0.015748031496063,0.0374953130858643,-0.302727625569094,-1.42194197245774,1,199,"CA2,PRKG2,NR1H4,TMEM100,NAP1L2,ADAMDEC1,TPH1,SNAP91,TSPAN7,EPB41L3,PEG3,F13A1,RELN,KLF4,MALL,SNAP25,TSPAN1,SPARCL1,SCG3,BMP2,FUCA1,KIF5C,ABCB1,EMP1,PTPRR,ACE,GYPC,PIGR,HDAC9,AKAP12,VWA5A,CMKLR1,IKZF1,CROT,FGF9,IL10RA,CD37,MAP4K1,F2RL1,SPON1,PCP4,CIDEA,CFH,CTSS,SCN1B,BTBD3,DOCK2"
"HALLMARK_MITOTIC_SPINDLE",1,1,0.137125054523262,0.436632891952883,9872,198,"CDC42EP2,PRC1,ANLN,BRCA2,CEP72,ECT2,TPX2,CDK1,PIF1,FSCN1,AURKA,PLK1,BIRC5,CENPF,KIF2C,NEK2,BUB1,TOP2A,CENPE,KIF23,KIF4A,TTK,KNTC1,DLGAP5,RACGAP1,KIF20B,CCNB2,ESPL1,KIF11,FBXO5,MID1IP1,CEP250,KIF15,FARP1,SAC3D1,CEP131,NDC80,TBCD,TUBA4A,CKAP5,CDC42EP1,SASS6,TUBGCP3,SMC4,ARHGAP4"
"HALLMARK_MTORC1_SIGNALING",0.534405990690144,0.722170257689383,0.309957968515401,0.987503073019792,5280,200,"TRIB3,SLC7A5,SLC7A11,SLC6A6,PSAT1,SCD,STC1,FKBP2,FADS2,SLC2A1,DDIT4,SQLE,POLR3G,ASNS,TMEM97,PHGDH,MTHFD2,AURKA,SHMT2,CCNF,PLK1,RRM2,BUB1,SORD,FADS1,PSPH,RRP9,DHCR7,HSPE1,NUFIP1,BHLHE40,EEF1E1,HSPD1,MCM2,IFI30,MCM4,CDC25A,PPA1,ME1,CCT6A,SLC1A5,SERPINH1,DDX39A,PNO1,EIF2S2,PSMG1,TM7SF2,ERO1A,GLA,ELOVL5,P4HA1,PSMD14,GMPS,DDIT3,INSIG1,SLC2A3,TUBG1,FDXR,NUP205,EBP,GAPDH,PPIA,TUBA4A,ACACA,ENO1,TOMM40,ALDOA,STIP1,IFRD1,HPRT1,HMBS,PGK1,GPI,SLC1A4,ACLY,RDH11,G6PD,CYP51A1,ABCF2,CYB5B,CACYBP,SDF2L1,BCAT1,HSP90B1,PSMC2,SRD5A1,TFRC,PSMB5"
"HALLMARK_MYC_TARGETS_V1",0.000202388180530257,0.00505970451325643,0.481384264248881,1.5336545226632,1,200,"RPS10,NME1,MYC,CDC45,PSMA2,PCBP1,MAD2L1,RRP9,SRM,NOP56,CAD,HSPE1,XPOT,CDK4,PRDX4,NOP16,POLD2,MCM7,HSPD1,MCM2,KPNA2,PSMA7,MCM4,PSMA6,RFC4,LSM7,CTPS1,CCNA2,DDX21,EIF4A1,CDC20,EXOSC7,CBX3,CDK2,EIF3B,PCNA,IARS1,ODC1,GNL3,EIF2S2,FBL,RANBP1,RPS2,NOLC1,RAN,NAP1L1,ABCE1,HSP90AB1,CCT2,NPM1,RUVBL2,CCT4,PSMA1,PA2G4,MCM6,PABPC1,CCT3,RPS5,TRIM28,PSMD14,SNRPD2,SSB,SF3B3,SRPK1,RSL1D1,TFDP1,IMPDH2,SSBP1,H2AZ1,CCT7,TYMS,NHP2,SNRPD1,CCT5,PPIA,UBA2,LSM2,SET,RPS3,RPL18,GLO1,BUB3,IFRD1,HDAC2,SNRPA,SNRPA1,HPRT1,SNRPB2,SMARCC1,PGK1,MCM5,C1QBP,SYNCRIP,MRPL9,ERH,PPM1G,PHB1,XPO1,HNRNPA1,PRPS2,RPLP0,RNPS1,DDX18,CLNS1A,RACK1,PABPC4,NCBP2,PSMD7,G3BP1,ILF2,PWP1,ACP1,EIF1AX,APEX1,RPS6,POLE3,PSMB3,PSMB2,SNRPG,SRSF7,DEK,KARS1,PRPF31,U2AF1,SRSF2,HNRNPD,ORC2,EIF3D,SRSF1,HDGF,HNRNPU,LDHA,CSTF2,EIF2S1,RPL14,EPRS1,HNRNPA2B1,RRM1,KPNB1,EIF3J,EEF1B2,COPS5,PTGES3"
"HALLMARK_MYC_TARGETS_V2",0.0015742718992466,0.0208333333333333,0.569753904454915,1.63075152657225,13,58,"IPO4,MYC,TMEM97,NOP2,PUS1,BYSL,PLK1,DUSP2,SORD,RRP9,SRM,RRP12,NOP56,HSPE1,EXOSC5,CDK4,NOP16,HSPD1,WDR74,PRMT3,MCM4,WDR43,CBX3,GNL3,RCL1,TCOF1,NOLC1,NPM1,PLK4,LAS1L,MYBBP1A,PPRC1,UTP20,MRTO4,PA2G4,NOC4L,PPAN,RABEPK,TBRG4,PES1,SLC19A1,NIP7,MCM5,FARSA,PHB1,DDX18,SLC29A2,IMP4"
"HALLMARK_MYOGENESIS",0.00709219858156028,0.0208333333333333,-0.456503005709747,-2.10889914047062,0,193,"MYH11,CASQ2,LDB3,PYGM,SGCG,DES,HSPB8,GNAO1,MYLK,FHL1,MYOM1,NOS1,NCAM1,SPEG,TAGLN,TPM2,CASQ1,CRYAB,SGCA,CD36,GPX3,CLU,CFD,MB,SORBS1,PPP1R3C,SH3BGR,TNNT3,DMD,SVIL,CACNA1H,ITGA7,GSN,MYH2,FXYD1,CHRNA1,VIPR1,SMTN,IGF1,COX7A1,SSPN,ADCY9,DTNA,MEF2C,CKM,LSP1,CKB,PTGIS,FGF2,LARGE1,BDKRB2,DMPK,REEP1,HRC,CDKN1A,EFS,OCEL1,KCNH1,MYL2,PC,SLC6A8,FKBP1B,CRAT,WWTR1,PVALB,PDLIM7,RYR1,MEF2D,FOXO4,MYO1C,SPDEF,CTF1,ACHE,MYOZ1,CAMK2B,PRNP,LAMA2"
"HALLMARK_NOTCH_SIGNALING",0.963475306394855,1,0.227729316754653,0.598840096748081,7939,32,"WNT2,CCND1,KAT2A,WNT5A,NOTCH3"
"HALLMARK_OXIDATIVE_PHOSPHORYLATION",0.00833333333333333,0.0208333333333333,-0.352203548812618,-1.64563429166016,0,200,"PDK4,MAOB,RETSAT,ETFDH,CASP7,ACAA2,SLC25A20,CPT1A,ACADM,ACAT1,MPC1,PHYH,ACO2,HADHB,SDHD,HADHA,ACAA1,BDH2,ALDH6A1,OAT,MGST3,ATP5F1A,IDH3A,ACADSB,SLC25A4,UQCRFS1,AFG3L2,MFN2,MRPL35,ATP6V1D,SUCLG1,ATP5PB,DECR1,ACADVL,COX5A,ETFA,OGDH,CYCS,NDUFB1,ATP5F1B,ALAS1,ECH1,ATP5MC3,NNT,NDUFA5,SLC25A12,SDHB,ATP5PF,UQCRC2,CYB5A,NDUFS1,NDUFC1,ECHS1,COX7C,DLST,MDH1,NDUFB3,SLC25A11,COX10,NDUFS2,VDAC2,FDX1,NDUFA1,DLD,CYB5R3,ISCA1,NDUFS4,NDUFA6,UQCRC1,MRPL34,SDHC,ATP5MC1,MRPS11,GLUD1,NDUFS3,FH,COX7A2,UQCR10,IMMT,ATP5PD,SURF1,ISCU,ATP6V1E1,DLAT,COX4I1,NDUFV1,ATP5F1C,NDUFB5,IDH1,HCCS,ECI1,CS,SLC25A3"
"HALLMARK_P53_PATHWAY",0.992916413681441,1,0.20130592045574,0.641345715418329,9811,200,"KLK8,KRT17,TRIB3,TNFSF9,SERPINB5,PVT1,IL1A,CDKN2A,SLC7A11,GLS2,RGS16,TCHH,INHBB,NHLH2,JAG2,H2AC25,SPHK1,LIF,DDIT4,LDHB,TAX1BP3,RHBDF2,COQ8A,AEN,IER3,HSPA4L,IFI30,PERP,TM4SF1,PROCR,ADA,TPD52L1,PCNA"
"HALLMARK_PANCREAS_BETA_CELLS",0.00529450694904037,0.0208333333333333,-0.485494806119947,-1.72165776427979,7,39,"SLC2A2,SCGN,SST,CHGA,PCSK2,GCG,ABCC8,PAK3,NEUROD1,LMO2,VDR,NKX2-2,DCX,GCK,AKT3,G6PC2"
"HALLMARK_PEROXISOME",0.00185528756957328,0.0208333333333333,-0.384224694251573,-1.63817752572538,0,102,"UGT2B17,RXRG,HSD11B2,FABP6,RETSAT,ABCC8,ABCD2,ABCB1,ACOX1,EPHX2,CRABP1,PEX11A,HSD17B11,EHHADH,SCP2,ECI2,ABCD3,CRAT,VPS4B,ALDH1A1,ESR2,ACAA1,MVP,CAT,CACNA1B,HMGCL,SLC27A2,BCL10,SLC25A4,CADM1"
"HALLMARK_PI3K_AKT_MTOR_SIGNALING",0.659090909090909,0.823863636363636,-0.220213770826743,-0.941623928733205,347,103,"PRKCB,ADCY2,PRKAA2,MAPK10,CAMK4,CDKN1A,MAP2K6,NGF,TIAM1,CAB39,RPS6KA1,FASLG,TNFRSF1A,EGFR,MKNK2,RIPK1,NCK1,SFN,RALB,PTEN,DUSP3,PITX2,MYD88,GNA14,VAV3,RAF1,UBE2D3,GRB2,CFL1,MAPK1,MKNK1,ACTR2,SLA"
"HALLMARK_PROTEIN_SECRETION",0.353637901861252,0.535815002820079,-0.248281793037438,-1.05009625267519,208,96,"SSPN,SH3GL2,STX12,VPS4B,DST,EGFR,TSPAN8,ABCA1,RAB9A,ATP1A1,SNX2,GBF1,KIF1B,RAB14,CD63,MON2,ARFIP1,CAV2,SNAP23,MAPK1,AP1G1,GALC,SEC31A,CLCN3,TPD52,VPS45,CLTC,VAMP3,RER1,GOLGA4,NAPA,ADAM10,CTSC,STX7,TMX1,SEC22B,AP3B1,COG2,AP2M1,NAPG,VAMP4"
"HALLMARK_REACTIVE_OXYGEN_SPECIES_PATHWAY",0.718007662835249,0.855567955091136,-0.236266447824324,-0.879372851462512,936,48,"GPX3,PRDX6,LSP1,MSRA,IPCEF1,CAT,PRNP,HHEX,PDLIM1,FES,SELENOS,MGST1,MBP"
"HALLMARK_SPERMATOGENESIS",0.58517745302714,0.769970332930447,0.309652281634642,0.955572901005821,5605,119,"DMRT1,GAD1,AKAP4,TNNI3,HBZ,TCP11,TUBA3C,ADAM2,TKTL1,NAA11,ZPBP,GRM8,CDK1,AURKA,SLC12A2,IL13RA2,KIF2C,NEK2,BUB1,SPMAP2,HSPA4L,CDKN3,EZH2,TTK,DDX4,ELOVL3,RFC4,NCAPH,PCSK4,ACRV1,DBF4,PSMG1,CLVS1,ART3,CLPB,CCNB2"
"HALLMARK_TGF_BETA_SIGNALING",0.376897133220911,0.554260490030751,-0.272615360052002,-1.04123502992332,446,54,"BMP2,SLC20A1,BCAR3,SMAD7,WWTR1,PPM1A,APC,ID2,KLF10,ID3,SMAD1,BMPR1A,CDH1,TJP1,SMAD3,HIPK2,UBE2D3,NOG,FURIN,IFNGR2,FKBP1A,BMPR2,THBS1"
"HALLMARK_TNFA_SIGNALING_VIA_NFKB",0.761721518987342,0.865592635212888,0.27805882294711,0.885485977523872,7521,199,"INHBA,SERPINB2,OLR1,TNFSF9,DUSP4,CSF2,IL1A,IL23A,FJX1,CXCL3,CXCL1,PHLDA1,FOSL1,CXCL11,CXCL6,CXCL2,SERPINE1,PLAU,MYC,SPHK1,AREG,LIF,PMEPA1,CCND1,IL1B,RIPK2,CCL20,PHLDA2,TNFAIP6,VEGFA,DUSP2,CEBPB,CD44,BHLHE40,IER3"
"HALLMARK_UNFOLDED_PROTEIN_RESPONSE",0.326105174942384,0.509539335847475,0.353799462105687,1.08672976450346,3112,113,"IGFBP1,STC2,SLC7A5,PSAT1,DDIT4,ASNS,EXOSC4,CHAC1,MTHFD2,EIF4EBP1,VEGFA,DKC1,CEBPB,RRP9,NOP56,EXOSC5,XPOT,EIF4A1,ARFGAP1,IARS1,EXOSC2,NOLC1,H2AX,DDX10,ERO1A,NPM1,KDELR3,CKS1B,NOP14,WFS1,NHP2,SRPRB,NABP1,FUS,FKBP14,SLC1A4,PREB,GEMIN4,RPS14,HSP90B1,EXOSC9,EIF4A3,LSM4,YIF1A,PDIA6,EIF2S1,SDAD1,TARS1,NFYA,SSR1,KHSRP,HSPA9,BANF1,EEF2,EXOSC1,PAIP1"
"HALLMARK_UV_RESPONSE_DN",0.00350877192982456,0.0208333333333333,-0.35794090551543,-1.59285870008168,0,143,"KCNMA1,MT1E,CAP2,LPAR1,ATP2B4,CAV1,PRKAR2B,CITED2,KIT,NR3C1,MGLL,PLPP3,SRI,PTPN21,FBLN5,EFEMP1,CDON,ITGB3,SYNE1,PMP22,MAP1B,TGFBR3,MAGI2,VLDLR,RXRA,DUSP1,SMAD7,ATP2B1,PIK3CD,PTGFR,ZMIZ1,ADGRL2,ARHGEF9,AKT3,PTPRM,DLC1,KALRN,PRKCE,PPARG,CACNA1A,CDC42BPA,AMPH,WDR37,NEK7,SPOP,SDC2,PTEN,ACVR2A,RBPMS,PRKCA,ADORA2B,BMPR1A,TOGARAM1,IGFBP5,CELF2,GRK5,TJP1,SMAD3,RND3,PDLIM5,NRP1,TFPI,TGFBR2,DMAC2L,DBP"
"HALLMARK_UV_RESPONSE_UP",0.4,0.568678915135608,-0.228850022515052,-1.02916685431265,95,157,"CA2,CDKN2B,GPX3,SULT1A1,HTR7,PDLIM3,MAOA,FMO1,BMP2,ABCB1,NTRK3,OLFM1,HMOX1,CDO1,RAB27A,TST,HSPA2,CLCN2,NAT1,FOSB,IL6ST,SLC6A8,BCL2L11,BSG,PLCL1,ACAA1,NPTXR,PRKCD,EPHX1,BTG1,SLC25A4,BAK1,RET,SLC6A12,FOS,KCNH2,MARK2,ALAS1,PRKACA,CLTB,NFKBIA,TACR3"
"HALLMARK_WNT_BETA_CATENIN_SIGNALING",0.193039822492117,0.344713968735924,0.441532270178431,1.21225888891562,1652,42,"DKK4,DKK1,NKD1,AXIN2,LEF1,JAG2,MYC,TCF7,KAT2A"
"HALLMARK_XENOBIOTIC_METABOLISM",0.00709219858156028,0.0208333333333333,-0.362468221379459,-1.68649067386254,0,195,"G6PC1,CA2,ADH1C,TAT,GCNT2,PDK4,HSD17B2,ENPEP,FABP1,ENTPD5,XDH,CD36,MT2A,CYP2C18,PAPSS2,MAOA,RETSAT,MPP2,FMO1,ETFDH,UGDH,LEAP2,AOX1,ABCD2,HMOX1,CDO1,ACOX1,FBLN1,IGF1,AKR1C2,PLG,PINK1,SLC46A3,CYP4F2,NDRG2,MAN1A1,CROT,FETUB,SLC35D1,PTGR1,FAS,AKR1C3,PC,ACO2,PPARD,ABHD6,CDA,CYP27A1,ACSM1,CAT,GSTM4,GABARAPL1,EPHX1,ABCC3,TNFRSF1A,IL1R1,CYP2J2,ID2,CES1,DHRS1,ATOH8,CBR1,ESR1,SAR1B,SLC6A12,UPP1,ITIH1,ACP2,PMM1,ALAS1,ECH1,ADH5,SERTAD1"
