"pathway","pval","padj","log2err","ES","NES","size"
"KEGG_ABC_TRANSPORTERS",0.000134010185641268,0.00237722416267988,0.518848077743792,-0.527000853807652,-1.97161648586707,44
"KEGG_ACUTE_MYELOID_LEUKEMIA",0.0393914423090819,0.122684797420652,0.321775918075361,-0.339617155460347,-1.33034854353497,57
"KEGG_ADHERENS_JUNCTION",0.0391173095098304,0.122684797420652,0.321775918075361,-0.318375266548841,-1.27432391698166,73
"KEGG_ADIPOCYTOKINE_SIGNALING_PATHWAY",4.0147802676897e-05,0.000963547264245528,0.557332238758646,-0.502147668707794,-1.9350547941366,65
"KEGG_ALANINE_ASPARTATE_AND_GLUTAMATE_METABOLISM",0.639810426540284,0.821556598821077,0.115734447701689,-0.257184471518178,-0.907305630204463,32
"KEGG_ALDOSTERONE_REGULATED_SODIUM_REABSORPTION",7.52997652979609e-05,0.00161696338113516,0.538434096309916,-0.578468266275355,-2.09656501462257,39
"KEGG_ALLOGRAFT_REJECTION",0.0209903955323758,0.0807932205397107,0.352487857583619,-0.446199480102192,-1.57412031177944,32
"KEGG_ALPHA_LINOLENIC_ACID_METABOLISM",0.768406961178046,0.911366395815821,0.0393561959521291,0.324616228876037,0.791476703022514,19
"KEGG_ALZHEIMERS_DISEASE",0.494238010101314,0.697747778966561,0.203508959461977,-0.227533104584461,-1.00684103250366,160
"KEGG_AMINOACYL_TRNA_BIOSYNTHESIS",0.253317249698432,0.46375856615709,0.0886261133285098,0.420483112393706,1.1664771610151,41
"KEGG_AMINO_SUGAR_AND_NUCLEOTIDE_SUGAR_METABOLISM",0.409638554216867,0.630862797649727,0.169570644405628,-0.273942741808895,-1.01128366910571,43
"KEGG_AMYOTROPHIC_LATERAL_SCLEROSIS_ALS",0.00250403419149489,0.0196470375024984,0.431707695803346,-0.44284881512928,-1.69858951645762,52
"KEGG_ANTIGEN_PROCESSING_AND_PRESENTATION",0.00398053714800581,0.0262007130230624,0.407017918923954,-0.390257803487708,-1.52509876579294,67
"KEGG_APOPTOSIS",0.00499453583588787,0.0308753124400341,0.407017918923954,-0.360417887484742,-1.4723975024614,84
"KEGG_ARACHIDONIC_ACID_METABOLISM",0.0103052541620277,0.0500540916441347,0.380730400722792,-0.390874142210046,-1.51543428586695,56
"KEGG_ARGININE_AND_PROLINE_METABOLISM",0.283687943262411,0.498899486426999,0.224966093540314,-0.281282561585431,-1.0850366887117,53
"KEGG_ARRHYTHMOGENIC_RIGHT_VENTRICULAR_CARDIOMYOPATHY_ARVC",0.0011348354697928,0.0103895300226514,0.45505986738723,-0.40192561734311,-1.5963483052297,72
"KEGG_ASCORBATE_AND_ALDARATE_METABOLISM",0.00190386168970389,0.0161828243624831,0.45505986738723,-0.603008799387344,-1.89433972704683,21
"KEGG_ASTHMA",0.00440811811079083,0.0281017529562916,0.407017918923954,-0.562511528135714,-1.82228040122681,23
"KEGG_AUTOIMMUNE_THYROID_DISEASE",0.300970873786408,0.515354859082656,0.178219874951973,-0.30447654627846,-1.07419715557979,33
"KEGG_AXON_GUIDANCE",1.65129434602269e-05,0.000518252379367121,0.575610261071129,-0.391077602825198,-1.70119682530474,128
"KEGG_BASAL_CELL_CARCINOMA",0.0835240274599542,0.20284406668846,0.163180127180689,0.452816787917042,1.31699825252302,54
"KEGG_BASAL_TRANSCRIPTION_FACTORS",0.97029702970297,1,0.0240035948793451,0.217623468386358,0.589017476201888,34
"KEGG_BASE_EXCISION_REPAIR",0.290201005025126,0.503838340639367,0.0833634065110386,0.424735256372385,1.14030232119762,33
"KEGG_BETA_ALANINE_METABOLISM",0.979002624671916,1,0.0266754763765933,0.215851597893575,0.538241669469509,22
"KEGG_BIOSYNTHESIS_OF_UNSATURATED_FATTY_ACIDS",0.963254593175853,1,0.0275182928235944,0.237099092730818,0.591223844282416,22
"KEGG_BLADDER_CANCER",0.570909090909091,0.76622009569378,0.0484087618816951,0.343247794411335,0.952421294635997,42
"KEGG_BUTANOATE_METABOLISM",0.00420571305752409,0.0272369988487274,0.407017918923954,-0.497910913206298,-1.7566360799731,33
"KEGG_B_CELL_RECEPTOR_SIGNALING_PATHWAY",7.92064470591234e-06,0.000293783912728385,0.593325476396405,-0.491302122337351,-1.95906889373634,74
"KEGG_CALCIUM_SIGNALING_PATHWAY",1.34425775714134e-12,5.48457164913668e-10,0.910119734774459,-0.490459489471298,-2.15845693756402,173
"KEGG_CARDIAC_MUSCLE_CONTRACTION",0.32,0.532596768701048,0.252961123069611,-0.268721247205515,-1.06729377040314,72
"KEGG_CELL_ADHESION_MOLECULES_CAMS",1.54476075591396e-05,0.000518252379367121,0.575610261071129,-0.391555071726818,-1.70327382632385,128
"KEGG_CELL_CYCLE",0.140041493775934,0.296046266635134,0.115734447701689,0.388910531203577,1.21761250245649,124
"KEGG_CHEMOKINE_SIGNALING_PATHWAY",4.40934298391296e-05,0.000999451076353605,0.557332238758646,-0.33128122161747,-1.4884514291207,183
"KEGG_CHRONIC_MYELOID_LEUKEMIA",1,1,0.13880510939114,-0.145776077539591,-0.583481072968259,73
"KEGG_CITRATE_CYCLE_TCA_CYCLE",0.000547741327319705,0.00603995842017405,0.477270815362862,-0.583867775125119,-2.003251833755,29
"KEGG_COLORECTAL_CANCER",0.930434782608696,0.980923491742501,0.132147260608774,-0.203381887314896,-0.78581160775671,62
"KEGG_COMPLEMENT_AND_COAGULATION_CASCADES",0.412844036697248,0.630862797649727,0.211400189384923,-0.268255123889338,-1.03868818943723,66
"KEGG_CYSTEINE_AND_METHIONINE_METABOLISM",0.867574257425743,0.9530022955177,0.0298484971250709,0.268879084201969,0.727745407030038,34
"KEGG_CYTOKINE_CYTOKINE_RECEPTOR_INTERACTION",0.0294867190503268,0.098611322725683,0.352487857583619,-0.245795425328127,-1.15106298205486,236
"KEGG_CYTOSOLIC_DNA_SENSING_PATHWAY",0.962605548854041,1,0.0230116943194552,0.216534492362183,0.600164662702467,40
"KEGG_DILATED_CARDIOMYOPATHY",0.00256373191641961,0.0197358985264,0.431707695803346,-0.368948323179079,-1.5131987689044,87
"KEGG_DNA_REPLICATION",0.0202530902232953,0.0794544308760045,0.352487857583619,0.558932923562768,1.53226136138956,36
"KEGG_DORSO_VENTRAL_AXIS_FORMATION",0.637931034482759,0.821556598821077,0.109684061970549,-0.274706006031142,-0.88992197644182,23
"KEGG_DRUG_METABOLISM_CYTOCHROME_P450",7.59461903174516e-10,1.54930228247601e-07,0.801215574617779,-0.648798502928377,-2.50677875708233,62
"KEGG_DRUG_METABOLISM_OTHER_ENZYMES",8.56902020388508e-05,0.00174808012159256,0.538434096309916,-0.541041820353567,-2.05037828116016,46
"KEGG_ECM_RECEPTOR_INTERACTION",0.816901408450704,0.929167794843644,0.0261139619405561,0.262966435086131,0.800473741706967,83
"KEGG_ENDOCYTOSIS",6.62481421703626e-06,0.000270292420055079,0.610526878385931,-0.358984592403567,-1.58265178957922,180
"KEGG_ENDOMETRIAL_CANCER",0.321678321678322,0.532596768701048,0.208955027549354,-0.281182943484181,-1.07850440983905,52
"KEGG_EPITHELIAL_CELL_SIGNALING_IN_HELICOBACTER_PYLORI_INFECTION",0.716981132075472,0.873218811602365,0.159646701919906,-0.222152147316681,-0.868154237181302,67
"KEGG_ERBB_SIGNALING_PATHWAY",0.00155506380182484,0.0134992772583943,0.45505986738723,-0.376804195175001,-1.54541871702741,87
"KEGG_ETHER_LIPID_METABOLISM",0.0751737962560585,0.192938169661695,0.287805130535564,-0.373590910095883,-1.31803351647467,33
"KEGG_FATTY_ACID_METABOLISM",0.000133448093622097,0.00237722416267988,0.518848077743792,-0.541528341532719,-2.00881176098389,42
"KEGG_FC_EPSILON_RI_SIGNALING_PATHWAY",0.0517633132014619,0.147688334169206,0.321775918075361,-0.316962194108599,-1.26920095187926,77
"KEGG_FC_GAMMA_R_MEDIATED_PHAGOCYTOSIS",0.000117915021487086,0.00229092041746339,0.538434096309916,-0.408719189367052,-1.7173673606708,95
"KEGG_FOCAL_ADHESION",0.00484363914193111,0.0304031503062753,0.407017918923954,-0.281897708083742,-1.26977284464936,197
"KEGG_FRUCTOSE_AND_MANNOSE_METABOLISM",0.417525773195876,0.633273291687426,0.154190966581424,-0.286643370019775,-1.01247289472558,34
"KEGG_GALACTOSE_METABOLISM",0.00203561330715124,0.0169495965166879,0.431707695803346,-0.571254571496331,-1.90183168740989,25
"KEGG_GAP_JUNCTION",0.0197094498390812,0.0780723838285934,0.352487857583619,-0.323044258635466,-1.32686786427166,88
"KEGG_GLIOMA",0.754716981132076,0.902404861951903,0.155241966228839,-0.222107077164814,-0.85590233961544,65
"KEGG_GLUTATHIONE_METABOLISM",0.00293918347492928,0.0218033974140208,0.431707695803346,-0.43934108688524,-1.64366361755052,44
"KEGG_GLYCEROLIPID_METABOLISM",0.868327402135231,0.9530022955177,0.0276588991389961,0.256768968153712,0.732977291975931,47
"KEGG_GLYCEROPHOSPHOLIPID_METABOLISM",0.116075033536296,0.262846219097542,0.287805130535564,-0.294364011697079,-1.17871181733719,77
"KEGG_GLYCINE_SERINE_AND_THREONINE_METABOLISM",0.0711898497366462,0.185002921608609,0.287805130535564,-0.407927871375751,-1.42123932192816,31
"KEGG_GLYCOLYSIS_GLUCONEOGENESIS",0.000831332976207324,0.00827277693396557,0.477270815362862,-0.445291374648992,-1.71797019619979,59
"KEGG_GLYCOSAMINOGLYCAN_BIOSYNTHESIS_CHONDROITIN_SULFATE",1,1,0.0813027345384498,-0.146638773786056,-0.469106467700717,22
"KEGG_GLYCOSAMINOGLYCAN_BIOSYNTHESIS_HEPARAN_SULFATE",1,1,0.0233667307764121,0.14786182497736,0.381624728440382,26
"KEGG_GLYCOSAMINOGLYCAN_BIOSYNTHESIS_KERATAN_SULFATE",0.890581717451524,0.961262806138152,0.0340463727579649,0.296816215559762,0.679429399551292,15
"KEGG_GLYCOSAMINOGLYCAN_DEGRADATION",0.705179282868526,0.864003445676752,0.0985499803531691,-0.276380600812877,-0.853901055637198,20
"KEGG_GLYCOSPHINGOLIPID_BIOSYNTHESIS_GANGLIO_SERIES",0.392857142857143,0.616483516483517,0.130105630751129,-0.373889440531357,-1.03793395829211,15
"KEGG_GLYCOSPHINGOLIPID_BIOSYNTHESIS_LACTO_AND_NEOLACTO_SERIES",0.0273048516022538,0.0956466971105261,0.352487857583619,-0.470760756779329,-1.56726574999101,25
"KEGG_GLYCOSYLPHOSPHATIDYLINOSITOL_GPI_ANCHOR_BIOSYNTHESIS",0.463636363636364,0.666793725819055,0.135740943810425,-0.302192717763026,-0.994690609475125,24
"KEGG_GLYOXYLATE_AND_DICARBOXYLATE_METABOLISM",0.865650969529086,0.9530022955177,0.0353910624222457,0.308324417435071,0.70577233595492,15
"KEGG_GNRH_SIGNALING_PATHWAY",0.0851504977979105,0.205570432553536,0.287805130535564,-0.277676573950053,-1.16827011094397,99
"KEGG_GRAFT_VERSUS_HOST_DISEASE",0.306010928961749,0.520218579234973,0.188204146308491,-0.303073721017466,-1.08258022479525,35
"KEGG_HEDGEHOG_SIGNALING_PATHWAY",0.124713958810069,0.276539647796239,0.130777137971974,0.437814361491466,1.27336433718835,54
"KEGG_HEMATOPOIETIC_CELL_LINEAGE",3.00202393019595e-05,0.000765516102199968,0.575610261071129,-0.463087237486822,-1.86701211448386,81
"KEGG_HISTIDINE_METABOLISM",0.26865671641791,0.480754124116261,0.191892240384838,-0.328565286955108,-1.12730834213278,29
"KEGG_HOMOLOGOUS_RECOMBINATION",0.0649188514357054,0.17088317023076,0.195789002148949,0.525198014739993,1.37144824102908,28
"KEGG_HUNTINGTONS_DISEASE",1,1,NA,-0.142015557151889,-0.627522015244315,174
"KEGG_HYPERTROPHIC_CARDIOMYOPATHY_HCM",0.0194377961542648,0.0777511846170593,0.352487857583619,-0.337022403051055,-1.35547068306274,80
"KEGG_INOSITOL_PHOSPHATE_METABOLISM",0.000454327609559856,0.00554830147783784,0.49849310876659,-0.469099235194308,-1.79623534183188,54
"KEGG_INSULIN_SIGNALING_PATHWAY",2.80501134280821e-05,0.000762963085243832,0.575610261071129,-0.393406126889207,-1.73906656573932,130
"KEGG_INTESTINAL_IMMUNE_NETWORK_FOR_IGA_PRODUCTION",6.25797351876165e-07,5.10650639130951e-05,0.659444398037935,-0.639613118860608,-2.37265948446974,42
"KEGG_JAK_STAT_SIGNALING_PATHWAY",1,1,0.00881182919930239,0.170936855098985,0.53568890752574,131
"KEGG_LEISHMANIA_INFECTION",0.30188679245283,0.515354859082656,0.252961123069611,-0.276840498517907,-1.0818722875953,67
"KEGG_LEUKOCYTE_TRANSENDOTHELIAL_MIGRATION",0.040065545733395,0.123545544737434,0.321775918075361,-0.296391888866819,-1.26583462477258,111
"KEGG_LINOLEIC_ACID_METABOLISM",0.0342553801036482,0.109189024080379,0.321775918075361,-0.436194173228367,-1.48832520380849,28
"KEGG_LONG_TERM_DEPRESSION",0.00114590404661596,0.0103895300226514,0.45505986738723,-0.416464114521912,-1.6224020608958,68
"KEGG_LONG_TERM_POTENTIATION",0.116605798178076,0.262846219097542,0.287805130535564,-0.297116045624551,-1.15746271512457,68
"KEGG_LYSINE_DEGRADATION",0.994117647058824,1,0.101350743797099,-0.151761756011875,-0.567771338348455,44
"KEGG_LYSOSOME",0.200172394885653,0.404308599571022,0.249246554383295,-0.245251430006317,-1.04986537979041,121
"KEGG_MAPK_SIGNALING_PATHWAY",0.0321204555539905,0.104009094174826,0.321775918075361,-0.227653778491628,-1.06047989267714,260
"KEGG_MATURITY_ONSET_DIABETES_OF_THE_YOUNG",0.409090909090909,0.630862797649727,0.14551614609036,-0.309707906217941,-1.01942743119564,24
"KEGG_MEDICUS_ENV_FACTOR_ARSENIC_TO_ELECTRON_TRANSFER_IN_COMPLEX_IV",0.014347564395487,0.0643275414654803,0.380730400722792,-0.573332297928762,-1.69116087540733,18
"KEGG_MEDICUS_ENV_FACTOR_DCE_TO_DNA_ADDUCTS",0.00230838238023663,0.0188364002227309,0.431707695803346,-0.671169565272347,-1.86319699903345,15
"KEGG_MEDICUS_ENV_FACTOR_E2_TO_RAS_ERK_SIGNALING_PATHWAY",0.254612546125461,0.46375856615709,0.16823816568964,-0.403502963982474,-1.13900733741035,16
"KEGG_MEDICUS_ENV_FACTOR_IRON_TO_ANTEROGRADE_AXONAL_TRANSPORT",0.777777777777778,0.916128103634401,0.0387962208304479,0.321987844306037,0.785068196704323,19
"KEGG_MEDICUS_ENV_FACTOR_METALS_TO_NFKB_SIGNALING_PATHWAY",0.439285714285714,0.660916772470557,0.122107920287081,-0.363899613899614,-1.01020174878172,15
"KEGG_MEDICUS_ENV_FACTOR_NNK_NNN_TO_RAS_ERK_SIGNALING_PATHWAY",0.105882352941176,0.24406779661017,0.276500599254472,-0.441406998775196,-1.32495345515419,19
"KEGG_MEDICUS_ENV_FACTOR_TCDD_TO_AHR_SIGNALING_PATHWAY",0.00560024316429745,0.0336014589857847,0.407017918923954,-0.591399582706219,-1.775180100582,19
"KEGG_MEDICUS_ENV_FACTOR_ZN_TO_ANTEROGRADE_AXONAL_TRANSPORT",0.749665327978581,0.902252076151213,0.0404934829859503,0.330322519579974,0.805389735554737,19
"KEGG_MEDICUS_PATHOGEN_ESCHERICHIA_EAE_TIR_TO_ACTIN_SIGNALING_PATHWAY",0.346007604562738,0.560884353741497,0.144630528034484,-0.377095248035823,-1.09330304048008,17
"KEGG_MEDICUS_PATHOGEN_ESCHERICHIA_ESPG_TO_MICROTUBULE_RHOA_SIGNALING_PATHWAY",0.638700947225981,0.821556598821077,0.0483117581055019,0.372584393720018,0.881806204266181,17
"KEGG_MEDICUS_PATHOGEN_HBV_HBX_TO_RAS_ERK_SIGNALING_PATHWAY",0.0585280715141935,0.15915316896726,0.321775918075361,-0.520549585794084,-1.44506913942989,15
"KEGG_MEDICUS_PATHOGEN_HCMV_GB_TO_PDGFR_RAS_ERK_SIGNALING_PATHWAY",0.0596019512285546,0.159984184876647,0.321775918075361,-0.519542367579725,-1.44227305621714,15
"KEGG_MEDICUS_PATHOGEN_HCMV_UL33_TO_GNAI_AC_PKA_SIGNALING_PATHWAY",0.000694650124414652,0.00729792777998962,0.477270815362862,-0.601995925800443,-2.00417639438758,25
"KEGG_MEDICUS_PATHOGEN_HCMV_UL33_TO_GNB_G_RHO_SIGNALING_PATHWAY",0.0287265698961881,0.0979479284940123,0.352487857583619,-0.419928186418315,-1.48151202091537,33
"KEGG_MEDICUS_PATHOGEN_HCMV_US28_TO_GNAQ_PLCB_G_CALCINEURIN_SIGNALING_PATHWAY",0.843243243243243,0.945173745173745,0.0354665010333725,0.296559848131123,0.710996264474479,18
"KEGG_MEDICUS_PATHOGEN_HCMV_US28_TO_GNB_G_PI3K_NFKB_SIGNALING_PATHWAY",0.793710691823899,0.919982847341338,0.0349401058848478,0.296219277531909,0.784117800996158,31
"KEGG_MEDICUS_PATHOGEN_HIV_GP120_TO_CXCR4_GNAQ_PLCB_G_CALCINEURIN",0.0483049294057678,0.139775965940094,0.321775918075361,-0.53181956594766,-1.50121917770865,16
"KEGG_MEDICUS_PATHOGEN_HIV_GP120_TO_CXCR4_GNB_G_RAC_SIGNALING_PATHWAY",0.186602870813397,0.38066985645933,0.227987202850442,-0.355788251293471,-1.1850497574536,26
"KEGG_MEDICUS_PATHOGEN_HIV_GP120_TO_TNF_NFKB_SIGNALING_PATHWAY",0.839285714285714,0.945173745173745,0.0824344091527096,-0.259765269387088,-0.721120109459585,15
"KEGG_MEDICUS_PATHOGEN_HPV_E5_TO_EGFR_RAS_ERK_SIGNALING_PATHWAY",0.0291202359122686,0.098190547538889,0.352487857583619,-0.547466502596144,-1.51979171507064,15
"KEGG_MEDICUS_PATHOGEN_HTLV_1_TAX_TO_SPINDLE_ASSEMBLY_CHECKPOINT_SIGNALING",0.514363885088919,0.721169983217454,0.0588438169595807,0.419347444113362,0.978641528622314,16
"KEGG_MEDICUS_PATHOGEN_KSHV_VGPCR_TO_GNB_G_ERK_SIGNALING_PATHWAY",0.449275362318841,0.661176642442391,0.142901149386948,-0.287803578634413,-1.00272080347778,31
"KEGG_MEDICUS_PATHOGEN_KSHV_VGPCR_TO_GNB_G_PI3K_AKT_SIGNALING_PATHWAY",0.0758570288363423,0.193435423532673,0.287805130535564,-0.422736423310258,-1.39146950218555,24
"KEGG_MEDICUS_PATHOGEN_KSHV_VGPCR_TO_GNB_G_PI3K_JNK_SIGNALING_PATHWAY",0.169154228855721,0.348560229157244,0.245041785430996,-0.34702247088298,-1.19063498752187,29
"KEGG_MEDICUS_PATHOGEN_SALMONELLA_SIFA_TO_MICROTUBULE_PLUS_END_DIRECTED_TRANSPORT",0.450507614213198,0.661176642442391,0.0615706755421678,0.398973082009812,1.02094795840894,25
"KEGG_MEDICUS_PATHOGEN_SALMONELLA_SOPB_TO_ARNO_ARF_ACTB_G_SIGNALING_PATHWAY",0.0335869824430892,0.107901486903783,0.321775918075361,-0.41847019064127,-1.43764266518367,30
"KEGG_MEDICUS_PATHOGEN_SALMONELLA_SOPE_TO_RAC_SIGNALING_PATHWAY",0.896414342629482,0.962465925770602,0.0847985102819124,-0.228951734106726,-0.707365592478992,20
"KEGG_MEDICUS_PATHOGEN_SHIGELLA_IPGD_TO_ARNO_ARF_ACTB_G_SIGNALING_PATHWAY",0.0800356908395478,0.197906435530518,0.287805130535564,-0.401548550075372,-1.37771410506046,29
"KEGG_MEDICUS_REFERENCE_26S_PROTEASOME_MEDIATED_PROTEIN_DEGRADATION",0.672268907563025,0.84256799188445,0.0404934829859503,0.316728712020485,0.876850370699201,39
"KEGG_MEDICUS_REFERENCE_ACH_CHRN_RAS_ERK_SIGNALING_PATHWAY",0.0166582040441297,0.0693525229592337,0.352487857583619,-0.520968407442964,-1.63661152500296,21
"KEGG_MEDICUS_REFERENCE_ACTH_CORTISOL_SIGNALING_PATHWAY",0.0420541040451484,0.127096847780893,0.321775918075361,-0.437515046465616,-1.50111524640973,29
"KEGG_MEDICUS_REFERENCE_ACTIVATION_OF_PRC2.2_BY_UBIQUITINATION_OF_H2AK119",0.396551724137931,0.619896948077685,0.0699458736501659,0.424147773066257,1.05135887187016,21
"KEGG_MEDICUS_REFERENCE_ACTIVATION_OF_PRC2.2_BY_UBIQUITINATION_OF_H2AK119_IN_GERMLINE_GENES",0.672131147540984,0.84256799188445,0.0427591434738678,0.341670711846271,0.881836759720298,26
"KEGG_MEDICUS_REFERENCE_ADRB3_UCP1_SIGNALING_PATHWAY",0.0751891396475724,0.192938169661695,0.287805130535564,-0.383173316189215,-1.3534330014224,34
"KEGG_MEDICUS_REFERENCE_AGE_RAGE_SIGNALING_PATHWAY",0.402214022140221,0.626348553561871,0.130777137971974,-0.372331186460548,-1.0510157078888,16
"KEGG_MEDICUS_REFERENCE_ANGIOTENSIN_ALDOSTERONE_SIGNALING_PATHWAY",0.00031758710947774,0.00417985615054574,0.49849310876659,-0.622029132729451,-2.10395225836005,27
"KEGG_MEDICUS_REFERENCE_ANTEROGRADE_AXONAL_TRANSPORT",0.460358056265985,0.666793725819055,0.0609039347452418,0.40096027228481,1.01969190668078,24
"KEGG_MEDICUS_REFERENCE_AREG_EGFR_RAS_ERK_SIGNALING_PATHWAY",0.25,0.46375856615709,0.166933848713193,-0.421840949794939,-1.17104951177043,15
"KEGG_MEDICUS_REFERENCE_ARL8_REGULATED_MICROTUBULE_PLUS_END_DIRECTED_TRANSPORT",0.523809523809524,0.726919339164237,0.0526973085708419,0.359396477530902,0.979828751680338,35
"KEGG_MEDICUS_REFERENCE_ARNO_ARF_ACTB_G_SIGNALING_PATHWAY",0.322429906542056,0.532596768701048,0.16823816568964,-0.329737274445985,-1.09776766498152,25
"KEGG_MEDICUS_REFERENCE_ASSEMBLY_AND_TRAFFICKING_OF_TELOMERASE",0.0783783783783784,0.196186370419499,0.184706471207739,0.579067816482676,1.38830343012091,18
"KEGG_MEDICUS_REFERENCE_AUTOPHAGOSOME_AND_LYSOSOME_FUSION_TETHERING_FACTOR",0.0108645658393906,0.0521499160290747,0.380730400722792,-0.607964014610376,-1.71615957089414,16
"KEGG_MEDICUS_REFERENCE_AUTOPHAGY_VESICLE_NUCLEATION_ELONGATION_MATURATION_MTORC1_PI3KC3_C1",0.929889298892989,0.980923491742501,0.0787113806986485,-0.22459075735028,-0.633974328247135,16
"KEGG_MEDICUS_REFERENCE_BCR_PLCG_CALCINEURIN_SIGNALING_PATHWAY",0.0188150829648946,0.0760054836601683,0.352487857583619,-0.58394278706307,-1.64835249914441,16
"KEGG_MEDICUS_REFERENCE_BMP_SIGNALING_PATHWAY",0.139442231075697,0.296046266635134,0.241339976815091,-0.409319709017136,-1.26462758455136,20
"KEGG_MEDICUS_REFERENCE_BMP_SIGNALING_PATHWAY_BMP_ANTAGONIST",0.0451493537120023,0.134459389156912,0.321775918075361,-0.530856777312068,-1.47368236818524,15
"KEGG_MEDICUS_REFERENCE_BRANCHING_MICROTUBULE_NUCLEATION",0.886934673366834,0.961262806138152,0.0294936424723046,0.263109434882792,0.706379550142161,33
"KEGG_MEDICUS_REFERENCE_CA2_CAM_CAMK_SIGNALING_PATHWAY",0.00300207760503607,0.0218722796938342,0.431707695803346,-0.619348490956621,-1.85907320299521,19
"KEGG_MEDICUS_REFERENCE_CA2_ENTRY_VOLTAGE_GATED_CA2_CHANNEL",0.241379310344828,0.455938697318008,0.188204146308491,-0.359155705825738,-1.16350042795411,23
"KEGG_MEDICUS_REFERENCE_CA2_PYK2_RAS_ERK_SIGNALING_PATHWAY",0.0114412156058581,0.0536553559447137,0.380730400722792,-0.604957857058559,-1.67939030929663,15
"KEGG_MEDICUS_REFERENCE_CARDIAC_TYPE_VGCC_RYR_SIGNALING",0.0162009200115457,0.0682578841159216,0.352487857583619,-0.54497900910576,-1.635841350737,19
"KEGG_MEDICUS_REFERENCE_CCR2_GNB_G_PI3K_NFKB_SIGNALING_PATHWAY",0.0806209968308952,0.198152811487983,0.287805130535564,-0.396052926846096,-1.37986647320777,31
"KEGG_MEDICUS_REFERENCE_CCR5_GNB_G_PLCB_G_PKC_SIGNALING_PATHWAY",0.253588516746411,0.46375856615709,0.193813302725311,-0.333232796419949,-1.10992266646634,26
"KEGG_MEDICUS_REFERENCE_CCR_CXCR_GNB_G_PI3K_RAC_SIGNALING_PATHWAY",0.872955974842767,0.954868733876271,0.0303467275556782,0.268888861794311,0.711771849486749,31
"KEGG_MEDICUS_REFERENCE_CD80_CD86_CTLA4_PP2A_SIGNALING_PATHWAY",0.516666666666667,0.721917808219178,0.121543282035469,-0.295219857040911,-0.944426503004086,22
"KEGG_MEDICUS_REFERENCE_COHESIN_DISSOCIATION_IN_ANAPHASE",0.352941176470588,0.569169960474308,0.0774767547848578,0.468698552439168,1.09381343385066,16
"KEGG_MEDICUS_REFERENCE_COHESIN_DISSOCIATION_IN_PROPHASE",0.283173734610123,0.498899486426999,0.0894366833718621,0.492748964668743,1.14994047723377,16
"KEGG_MEDICUS_REFERENCE_CONDENSIN_LOADING",0.328894806924101,0.540001515495946,0.0797705918628453,0.450888531246043,1.10968465608671,20
"KEGG_MEDICUS_REFERENCE_COPI_VESICLE_FORMATION",0.780172413793103,0.916128103634401,0.0972150808846466,-0.250402317347924,-0.811189126802761,23
"KEGG_MEDICUS_REFERENCE_CORE_NER_REACTION",0.503121098626717,0.707839338757587,0.0555947097758869,0.379926438321546,0.996925730289263,29
"KEGG_MEDICUS_REFERENCE_CRHR_PKA_ACTH_SIGNALING_PATHWAY",0.018439999888581,0.075278658103593,0.352487857583619,-0.501967171742196,-1.65226361406992,24
"KEGG_MEDICUS_REFERENCE_CROSSTALK_BETWEEN_EXTRINSIC_AND_INTRINSIC_APOPTOTIC_PATHWAYS",0.114285714285714,0.260735121317694,0.252961123069611,-0.48906965602309,-1.3576794338861,15
"KEGG_MEDICUS_REFERENCE_CX3CR1_GNAI_AC_PKA_SIGNALING_PATHWAY",0.0405762328304319,0.123545544737434,0.321775918075361,-0.540015849483328,-1.52435563002732,16
"KEGG_MEDICUS_REFERENCE_CXCL12_CXCR4_PKC_ERK_SIGNALING_PATHAWAY",0.384313725490196,0.607751937984496,0.13880510939114,-0.353592677232644,-1.06136477381776,19
"KEGG_MEDICUS_REFERENCE_CXCR4_GNAQ_PLCB_G_CALCINEURIN_SIGNALING_PATHWAY",0.119521912350598,0.267939232082658,0.261663521711573,-0.422423097553381,-1.30511160286023,20
"KEGG_MEDICUS_REFERENCE_CXCR4_GNB_G_PLCB_PKC_SIGNALING_PATHWAY",0.130434782608696,0.281490242460083,0.276500599254472,-0.356432397179291,-1.2418267395456,31
"KEGG_MEDICUS_REFERENCE_CXCR4_GNB_G_RAC_SIGNALING_PATHWAY",0.0956751391572864,0.226367753722044,0.287805130535564,-0.408863203107993,-1.36183035250136,26
"KEGG_MEDICUS_REFERENCE_CXCR_GNB_G_ERK_SIGNALING_PATHWAY",0.785894206549118,0.916128103634401,0.0354665010333725,0.30293523092164,0.785043389487216,27
"KEGG_MEDICUS_REFERENCE_CXCR_GNB_G_PI3K_AKT_SIGNALING_PATHWAY",0.220095693779904,0.429660493120579,0.208955027549354,-0.342185183639074,-1.13974103248626,26
"KEGG_MEDICUS_REFERENCE_CYTOKINE_JAK_STAT_SIGNALING_PATHWAY",0.236994219653179,0.44973786799301,0.222056046145248,-0.307919780529418,-1.1173387646177,41
"KEGG_MEDICUS_REFERENCE_DEUBIQUITINATION_OF_H2AK119",0.914249684741488,0.976476103074678,0.0281514818960232,0.257733257832229,0.665197961308398,26
"KEGG_MEDICUS_REFERENCE_DISASSEMBLY_OF_MCC",0.223274695534506,0.431734956294211,0.102821842840815,0.514690996452015,1.21813398951,17
"KEGG_MEDICUS_REFERENCE_DNA_END_RESECTION_AND_RPA_LOADING",0.314864864864865,0.530846549028367,0.0828962134571565,0.466849985637542,1.11926344024662,18
"KEGG_MEDICUS_REFERENCE_DNA_REPLICATION_LICENSING",0.0473145780051151,0.139017338226847,0.234392647294686,0.569207236480148,1.44756488954761,24
"KEGG_MEDICUS_REFERENCE_DNA_REPLICATION_TERMINATION",0.0782493368700265,0.196186370419499,0.183023938384487,0.558514667915385,1.38442162960674,21
"KEGG_MEDICUS_REFERENCE_DRD1_GNAS_AC_PKA_SIGNALING_PATHWAY",0.000280282232131334,0.00381183835698615,0.49849310876659,-0.738390820023506,-2.04980623551276,15
"KEGG_MEDICUS_REFERENCE_DYNEIN_RECRUITMENT_TO_THE_KINETOCHORE",0.97741530740276,1,0.0243564001293776,0.216474814304815,0.569428527393594,30
"KEGG_MEDICUS_REFERENCE_E2_ER_RAS_ERK_SIGNALING_PATHWAY",0.0101368239312086,0.0498292067943747,0.380730400722792,-0.532507191701023,-1.72508005687482,23
"KEGG_MEDICUS_REFERENCE_EGF_EGFR_ACTIN_SIGNALING_PATHWAY",0.25,0.46375856615709,0.178219874951973,-0.371781877605882,-1.16794511333903,21
"KEGG_MEDICUS_REFERENCE_EGF_EGFR_PLCG_CALCINEURIN_SIGNALING_PATHWAY",0.128571428571429,0.28051948051948,0.237793834423688,-0.484384089259982,-1.34467208912033,15
"KEGG_MEDICUS_REFERENCE_EGF_EGFR_PLCG_CAMK_SIGNALING_PATHWAY",0.00398148090056341,0.0262007130230624,0.407017918923954,-0.65359748266932,-1.81441610480526,15
"KEGG_MEDICUS_REFERENCE_EGF_EGFR_PLCG_ERK_SIGNALING_PATHWAY",0.746428571428571,0.901014370245139,0.0888945288620449,-0.291503200472358,-0.809226038293844,15
"KEGG_MEDICUS_REFERENCE_EGF_EGFR_RAS_ERK_SIGNALING_PATHWAY",0.25830258302583,0.468388683886839,0.166933848713193,-0.402084818653992,-1.13500419969183,16
"KEGG_MEDICUS_REFERENCE_EGF_EGFR_RAS_PI3K_SIGNALING_PATHWAY",0.0494238010101314,0.142006414169955,0.321775918075361,-0.527244812007667,-1.463655389514,15
"KEGG_MEDICUS_REFERENCE_EGF_ERBB2_RAS_ERK_SIGNALING_PATHWAY",0.0300873286178421,0.0992256508035332,0.352487857583619,-0.557698913076369,-1.57427134559377,16
"KEGG_MEDICUS_REFERENCE_ELECTRON_TRANSFER_IN_COMPLEX_I",0.994117647058824,1,0.101350743797099,-0.161054086468619,-0.602535820774376,44
"KEGG_MEDICUS_REFERENCE_ELECTRON_TRANSFER_IN_COMPLEX_IV",0.00578020456315427,0.0336903351680992,0.407017918923954,-0.613815994528794,-1.7796217178793,17
"KEGG_MEDICUS_REFERENCE_EREG_EGFR_RAS_ERK_SIGNALING_PATHWAY",0.589285714285714,0.783154955793392,0.102821842840815,-0.326539117324245,-0.906487324434453,15
"KEGG_MEDICUS_REFERENCE_FANCONI_ANEMIA_PATHWAY",0.14859437751004,0.312507763010806,0.129442887745046,0.527260704570746,1.28556284918935,19
"KEGG_MEDICUS_REFERENCE_FGF_FGFR_PI3K_SIGNALING_PATHWAY",0.0636704119850187,0.168685247336933,0.197822021315103,0.523688428290723,1.37415672129643,29
"KEGG_MEDICUS_REFERENCE_FGF_FGFR_RAS_ERK_SIGNALING_PATHWAY",0.100502512562814,0.234314429289304,0.155241966228839,0.487772719987706,1.30954131185004,33
"KEGG_MEDICUS_REFERENCE_FLT3LG_FLT3_RAS_ERK_SIGNALING_PATHWAY",0.00839908268585853,0.0443051820314626,0.380730400722792,-0.618957764525954,-1.71825468415757,15
"KEGG_MEDICUS_REFERENCE_FLT3LG_FLT3_RAS_PI3K_SIGNALING_PATHWAY",0.0130284196678279,0.0597257890390314,0.380730400722792,-0.598307715860708,-1.6609292172506,15
"KEGG_MEDICUS_REFERENCE_GENE_SILENCING_BY_METHYLATION_OF_H3K27_AND_UBIQUITINATION_OF_H2AK119",0.0576230492196879,0.158674706621007,0.204294756516886,0.492815406128445,1.36433911783172,39
"KEGG_MEDICUS_REFERENCE_GF_RTK_PI3K_SIGNALING_PATHWAY",0.522826086956522,0.726919339164237,0.0474483193656297,0.323161319983796,0.980131449531176,80
"KEGG_MEDICUS_REFERENCE_GF_RTK_RAS_ERK_SIGNALING_PATHWAY",0.662715517241379,0.842330003222688,0.0361491929398957,0.295418858350815,0.902640758909061,89
"KEGG_MEDICUS_REFERENCE_GF_RTK_RAS_PI3K_SIGNALING_PATHWAY",0.609782608695652,0.802552594670407,0.0404114482034376,0.307139091414677,0.93469900651181,86
"KEGG_MEDICUS_REFERENCE_GHRHR_PKA_GH_SIGNALING_PATHWAY",0.0206961376510808,0.0804192777299141,0.352487857583619,-0.483320734816732,-1.60908067002243,25
"KEGG_MEDICUS_REFERENCE_GLOBAL_GENOME_NER",0.45,0.661176642442391,0.0646484568421928,0.432156645485843,1.03608685580524,18
"KEGG_MEDICUS_REFERENCE_GLYCOLYSIS",0.857758620689655,0.9530022955177,0.0916795246008379,-0.227919811849642,-0.738356078783682,23
"KEGG_MEDICUS_REFERENCE_GNRH_GNRHR_PLCB_PKC_SIGNALING_PATHWAY",0.781624500665779,0.916128103634401,0.0383205781976994,0.321411198984292,0.791027163236221,20
"KEGG_MEDICUS_REFERENCE_GPCR_PI3K_SIGNALING_PATHWAY",0.0238125710972668,0.0884745893318738,0.352487857583619,-0.437994202972594,-1.54517340805261,32
"KEGG_MEDICUS_REFERENCE_GPCR_PLCB_ITPR_SIGNALING_PATHWAY",0.00541746644607721,0.0329899449253657,0.407017918923954,-0.429058984171536,-1.62930474977803,50
"KEGG_MEDICUS_REFERENCE_GPI_ANCHOR_BIOSYNTHESIS",0.482758620689655,0.683908045977012,0.128788713061714,-0.302180560025748,-0.978926981268564,23
"KEGG_MEDICUS_REFERENCE_HGF_MET_RAS_ERK_SIGNALING_PATHWAY",0.346428571428571,0.560884353741497,0.139599673451922,-0.386393117902,-1.07264473088861,15
"KEGG_MEDICUS_REFERENCE_HOMOLOGOUS_RECOMBINATION",0.042713567839196,0.128140703517588,0.245041785430996,0.526109874458769,1.41246647658639,33
"KEGG_MEDICUS_REFERENCE_HOMOLOGOUS_RECOMBINATION_IN_ICLR",0.0656634746922025,0.171735241502683,0.204294756516886,0.604114442384365,1.40983685403846,16
"KEGG_MEDICUS_REFERENCE_HORMONE_LIKE_CYTOKINE_TO_JAK_STAT_SIGNALING_PATHWAY",0.867857142857143,0.9530022955177,0.0806388495950661,-0.250710087849367,-0.695982516905103,15
"KEGG_MEDICUS_REFERENCE_IFN_RIPK1_3_SIGNALING_PATHWAY",0.618320610687023,0.811173019808056,0.103958471559957,-0.299787063543976,-0.884283258854219,18
"KEGG_MEDICUS_REFERENCE_IGF_IGF1R_RAS_ERK_SIGNALING_PATHWAY",0.563611491108071,0.760327756913623,0.0545680646670941,0.405853608808577,0.947150630573386,16
"KEGG_MEDICUS_REFERENCE_IL1_IL1R_JNK_SIGNALING_PATHWAY",0.921017402945114,0.980923491742501,0.0307752597613667,0.257392165872294,0.627571528182045,19
"KEGG_MEDICUS_REFERENCE_IL1_IL1R_P38_SIGNALING_PATHWAY",0.756427604871448,0.902404861951903,0.0405756447890657,0.333290724032814,0.788808745696834,17
"KEGG_MEDICUS_REFERENCE_IL2_FAMILY_TO_JAK_STAT_SIGNALING_PATHWAY",0.0220936165472019,0.0842448182360595,0.352487857583619,-0.550982808089286,-1.70230761522922,20
"KEGG_MEDICUS_REFERENCE_IL6_FAMILY_TO_JAK_STAT_SIGNALING_PATHWAY",0.449760765550239,0.661176642442391,0.142056643575821,-0.303801449485103,-1.01189354262688,26
"KEGG_MEDICUS_REFERENCE_ITGA_B_FAK_CDC42_SIGNALING_PATHWAY",0.291866028708134,0.504581947936096,0.179782316298324,-0.32851123002252,-1.09419620249871,26
"KEGG_MEDICUS_REFERENCE_ITGA_B_FAK_RAC_SIGNALING_PATHWAY",0.219512195121951,0.429660493120579,0.211400189384923,-0.337747813436237,-1.16032319034326,30
"KEGG_MEDICUS_REFERENCE_ITGA_B_RHOGAP_RHOA_SIGNALING_PATHWAY",0.206896551724138,0.412264808362369,0.204294756516886,-0.371942717914748,-1.20492450613661,23
"KEGG_MEDICUS_REFERENCE_ITGA_B_RHOGEF_RHOA_SIGNALING_PATHWAY",0.387931034482759,0.61110371455199,0.14551614609036,-0.317637192204947,-1.02899940908613,23
"KEGG_MEDICUS_REFERENCE_ITGA_B_RHOG_RAC_SIGNALING_PATHWAY",0.27363184079602,0.487518738186795,0.190023305279108,-0.333905753445286,-1.13930991987163,28
"KEGG_MEDICUS_REFERENCE_ITGA_B_TALIN_VINCULIN_SIGNALING_PATHWAY",0.0872746000779143,0.209459040186994,0.287805130535564,-0.379322822976925,-1.30315297573256,30
"KEGG_MEDICUS_REFERENCE_KEAP1_NRF2_SIGNALING_PATHWAY",0.00312297057992093,0.0223538946773288,0.431707695803346,-0.625480579507145,-1.93247473068244,20
"KEGG_MEDICUS_REFERENCE_KINETOCHORE_FIBER_ORGANIZATION",0.832467532467532,0.941112035642438,0.0341946045318573,0.299325672670869,0.754540366205873,23
"KEGG_MEDICUS_REFERENCE_KINETOCHORE_MICROTUBULE_ATTACHMENT",0.817576564580559,0.929167794843644,0.0362254755857254,0.306203826751106,0.753600201898502,20
"KEGG_MEDICUS_REFERENCE_KITLG_KIT_RAS_ERK_SIGNALING_PATHWAY",0.00720868814856047,0.0397451995217929,0.407017918923954,-0.628109191317884,-1.7436594578807,15
"KEGG_MEDICUS_REFERENCE_LHCGR_GNAS_PKA_SIGNALING_PATHWAY",0.532142857142857,0.727759197324415,0.109250039480711,-0.345115511490845,-0.958056232881644,15
"KEGG_MEDICUS_REFERENCE_LONG_PATCH_BER",0.208389715832206,0.412733029415242,0.107140237276725,0.520066839780235,1.23085715258362,17
"KEGG_MEDICUS_REFERENCE_LPAR_GNB_G_RHO_SIGNALING_PATHWAY",0.150862068965517,0.315649867374005,0.241339976815091,-0.387086704097043,-1.25398410373794,23
"KEGG_MEDICUS_REFERENCE_MACHR_CA2_APOPTOTIC_PATHWAY",0.533333333333333,0.727759197324415,0.115240003147781,-0.323421012200593,-0.970799712677143,19
"KEGG_MEDICUS_REFERENCE_MGLUR5_CA2_APOPTOTIC_PATHWAY",0.254032258064516,0.46375856615709,0.176694268938498,-0.36791520234195,-1.15579803261401,21
"KEGG_MEDICUS_REFERENCE_MICROTUBULE_DEPOLYMERIZATION",0.815584415584416,0.929167794843644,0.0351652290409302,0.304071853820761,0.766504542986851,23
"KEGG_MEDICUS_REFERENCE_MICROTUBULE_DEPOLYMERIZATION_AT_THE_MINUS_ENDS",0.781624500665779,0.916128103634401,0.0383205781976994,0.320112887981098,0.787831881699359,20
"KEGG_MEDICUS_REFERENCE_MICROTUBULE_NUCLEATION",0.868913857677903,0.9530022955177,0.0302041948644786,0.273825915229241,0.715040916472685,28
"KEGG_MEDICUS_REFERENCE_MICROTUBULE_RHOA_SIGNALING_PATHWAY",0.641909814323607,0.821556598821077,0.0471642455670861,0.358533236102111,0.888716439346692,21
"KEGG_MEDICUS_REFERENCE_MISMATCH_REPAIR",0.201765447667087,0.405518732257003,0.104732821580651,0.47173764493863,1.21753367153675,26
"KEGG_MEDICUS_REFERENCE_MITOCHONDRIAL_COMPLEX_UCP1_IN_THERMOGENESIS",1,1,0.0169971052149879,0.162512688198805,0.474541556147209,61
"KEGG_MEDICUS_REFERENCE_NUCLEAR_EXPORT_OF_MRNA",0.16060225846926,0.332617875408416,0.119348440591015,0.473582871018014,1.24574120878052,30
"KEGG_MEDICUS_REFERENCE_N_GLYCAN_BIOSYNTHESIS",0.734317343173432,0.88902515137911,0.0916795246008379,-0.292766268522472,-0.826420021062918,16
"KEGG_MEDICUS_REFERENCE_ORGANIZATION_OF_THE_INNER_KINETOCHORE",0.047361299052774,0.139017338226847,0.241339976815091,0.614026794113186,1.45323487983117,17
"KEGG_MEDICUS_REFERENCE_ORGANIZATION_OF_THE_OUTER_KINETOCHORE",0.0589022757697456,0.15915316896726,0.213927855492356,0.578104248449161,1.40952917280232,19
"KEGG_MEDICUS_REFERENCE_ORIGIN_UNWINDING_AND_ELONGATION",0.00863906072877451,0.0443051820314626,0.380730400722792,0.60657058935898,1.59556019746758,30
"KEGG_MEDICUS_REFERENCE_P300_P21_CELL_CYCLE_G1_S",0.692520775623269,0.853620774786386,0.0456790414930062,0.371060820776047,0.849379573758895,15
"KEGG_MEDICUS_REFERENCE_P4_PR_RAS_ERK_SIGNALING_PATHWAY",0.114391143911439,0.260735121317694,0.257206466468838,-0.469545030713292,-1.32543074764189,16
"KEGG_MEDICUS_REFERENCE_PDGF_PDGFR_PLCG_CAMK_SIGNALING_PATHWAY",0.0111950469295621,0.0531113854332715,0.380730400722792,-0.584197224747736,-1.69374874221711,17
"KEGG_MEDICUS_REFERENCE_PDGF_PDGFR_RAS_ERK_SIGNALING_PATHWAY",0.0577380851094571,0.158674706621007,0.321775918075361,-0.486989197829434,-1.41191588449106,17
"KEGG_MEDICUS_REFERENCE_PINK_PARKIN_MEDIATED_AUTOPHAGOSOME_FORMATION",0.0038885300444999,0.0262007130230624,0.431707695803346,-0.628108801788913,-1.82106050480615,17
"KEGG_MEDICUS_REFERENCE_PP2A_AKT_SIGNALING_PATHWAY",0.317647058823529,0.532596768701048,0.154190966581424,-0.368799581494641,-1.10701072052916,19
"KEGG_MEDICUS_REFERENCE_PRE_IC_FORMATION",0.0244266108340529,0.0897842992819243,0.352487857583619,0.59032973216285,1.52981365832646,27
"KEGG_MEDICUS_REFERENCE_PRNP_PI3K_NOX2_SIGNALING_PATHWAY",0.000261344488662518,0.0038081625490824,0.49849310876659,-0.600394850121805,-2.05995627045151,29
"KEGG_MEDICUS_REFERENCE_PROMOTION_OF_MICROTUBULE_GROWTH",0.673228346456693,0.84256799188445,0.0445070537769277,0.344781124299564,0.859736827318136,22
"KEGG_MEDICUS_REFERENCE_RAB7_REGULATED_MICROTUBULE_MINUS_END_DIRECTED_TRANSPORT",0.481927710843373,0.683908045977012,0.155241966228839,-0.264219432619632,-0.97538922004005,43
"KEGG_MEDICUS_REFERENCE_REGULATION_OF_GF_RTK_RAS_ERK_SIGNALING_PTP",0.684420772303595,0.851848629839061,0.0444181153081573,0.350022592588486,0.861442847538703,20
"KEGG_MEDICUS_REFERENCE_REGULATION_OF_GF_RTK_RAS_ERK_SIGNALING_UBIQUITINATION_OF_RTK_BY_CBL",0.00667318694811145,0.0373327016987745,0.407017918923954,-0.525421198757111,-1.74924234289403,25
"KEGG_MEDICUS_REFERENCE_RELN_VLDLR_PI3K_SIGNALING_PATHWAY",0.0085313489923909,0.0443051820314626,0.380730400722792,-0.618695885545359,-1.71752769629042,15
"KEGG_MEDICUS_REFERENCE_RETROGRADE_AXONAL_TRANSPORT",0.688995215311005,0.851848629839061,0.0391956336118146,0.309357693051051,0.868287976055013,43
"KEGG_MEDICUS_REFERENCE_RTK_PLCG_ITPR_SIGNALING_PATHWAY",0.586527293844367,0.782036391792489,0.0452247443372884,0.322611960245916,0.933943567574557,53
"KEGG_MEDICUS_REFERENCE_SKELETAL_TYPE_VGCC_RYR_SIGNALING",0.0267093965277956,0.0955915244152685,0.352487857583619,-0.517355079813739,-1.55292372446022,19
"KEGG_MEDICUS_REFERENCE_SPINDLE_ASSEMBLY_CHECKPOINT_SIGNALING",0.281167108753316,0.498766001614577,0.0880945010398517,0.467318267586996,1.15836799769742,21
"KEGG_MEDICUS_REFERENCE_TCR_PLCG_ITPR_SIGNALING_PATHWAY",0.00625058542999888,0.0359188571188668,0.407017918923954,-0.584380915318006,-1.75411245183063,19
"KEGG_MEDICUS_REFERENCE_TELOMERE_ELONGATION",0.263870094722598,0.474268716505815,0.0928481214159878,0.494721543098158,1.17087170971503,17
"KEGG_MEDICUS_REFERENCE_TGFA_EGFR_RAS_ERK_SIGNALING_PATHWAY",0.00879588172683448,0.0443051820314626,0.380730400722792,-0.615888262028339,-1.70973360671604,15
"KEGG_MEDICUS_REFERENCE_TIGHT_JUNCTION_ACTIN_SIGNALING_PATHWAY",0.0897597977243995,0.21416372790383,0.165656695205483,0.50251591110099,1.33630574812557,32
"KEGG_MEDICUS_REFERENCE_TLR1_2_4_NFKB_SIGNALING_PATHWAY",0.804780876494024,0.924931260872005,0.0908241419007155,-0.253912064041192,-0.784482626081953,20
"KEGG_MEDICUS_REFERENCE_TLR2_4_MAPK_SIGNALING_PATHWAY",0.130203948325642,0.281490242460083,0.249246554383295,-0.393210148406855,-1.30969358685619,26
"KEGG_MEDICUS_REFERENCE_TLR5_NFKB_SIGNALING_PATHWAY",0.832699619771863,0.941112035642438,0.0862865626267245,-0.253881425468587,-0.736072214730889,17
"KEGG_MEDICUS_REFERENCE_TNF_JNK_SIGNALING_PATHWAY",0.225092250922509,0.433196407435772,0.179782316298324,-0.422766853596384,-1.19338540541944,16
"KEGG_MEDICUS_REFERENCE_TNF_NFKB_SIGNALING_PATHWAY",0.856088560885609,0.9530022955177,0.083129129135339,-0.253614189116593,-0.715901611785246,16
"KEGG_MEDICUS_REFERENCE_TNF_P38_SIGNALING_PATHWAY",0.0238534432022209,0.0884745893318738,0.352487857583619,-0.488523989711,-1.60801434483909,24
"KEGG_MEDICUS_REFERENCE_TRAIP_DEPENDENT_REPLISOME_DISASSEMBLY",0.0533515731874145,0.150120288692863,0.227987202850442,0.621063506377663,1.44939130495491,16
"KEGG_MEDICUS_REFERENCE_TRANSCRIPTIONAL_ACTIVATION_BY_ACETYLATION_OF_H3K27",0.0775623268698061,0.196186370419499,0.188204146308491,0.60383557538335,1.38221438352587,15
"KEGG_MEDICUS_REFERENCE_TRANSCRIPTION_COUPLED_NER",0.329559748427673,0.540001515495946,0.0766746872490091,0.421180237071917,1.11490016472779,31
"KEGG_MEDICUS_REFERENCE_TRANSLATION_INITIATION",0.0282608695652174,0.0977155490051584,0.282013350011725,0.464098587007054,1.40758683876958,80
"KEGG_MEDICUS_REFERENCE_TSH_TG_SIGNALING_PATHWAY",0.0831246125775321,0.20284406668846,0.287805130535564,-0.402301584422766,-1.3607454740488,27
"KEGG_MEDICUS_REFERENCE_VGCC_CA2_APOPTOTIC_PATHWAY",0.104166666666667,0.241477272727273,0.287857117255149,-0.409727099803313,-1.3107422242252,22
"KEGG_MEDICUS_REFERENCE_WNT5A_ROR_SIGNALING_PATHWAY",0.896032831737346,0.962465925770602,0.0331626424471441,0.285299514720844,0.665810551896756,16
"KEGG_MEDICUS_REFERENCE_WNT_SIGNALING_MODULATION_LGR_RSPO",0.558232931726908,0.756674538686307,0.0540088272801684,0.391852113402916,0.95541070100651,19
"KEGG_MEDICUS_REFERENCE_WNT_SIGNALING_MODULATION_WNT_ACYLATION",0.0274280969655185,0.0956466971105261,0.352487857583619,0.627869175091156,1.50530370473856,18
"KEGG_MEDICUS_REFERENCE_WNT_SIGNALING_MODULATION_WNT_INHIBITOR",0.0266988101275954,0.0955915244152685,0.352487857583619,0.587232057277148,1.52178616946555,27
"KEGG_MEDICUS_REFERENCE_WNT_SIGNALING_PATHWAY",0.0301568154402895,0.0992256508035332,0.287857117255149,0.515349945559629,1.45039454937196,45
"KEGG_MEDICUS_VARIANT_AMPLIFIED_FGFR_TO_RAS_ERK_SIGNALING_PATHWAY",0.00667962554904544,0.0373327016987745,0.407017918923954,-0.633526789386952,-1.75869895458399,15
"KEGG_MEDICUS_VARIANT_AMPLIFIED_MYC_TO_P27_CELL_CYCLE_G1_S",0.285318559556787,0.499613615017893,0.0897104652742981,0.504769507549752,1.15544645288181,15
"KEGG_MEDICUS_VARIANT_CYP11B1_CYP11B2_FUSION_TO_ACTH_CORTISOL_SIGNALING_PATHWAY",0.0405655027633592,0.123545544737434,0.321775918075361,-0.429493112713479,-1.46546071393524,28
"KEGG_MEDICUS_VARIANT_EGF_OVEREXPRESSION_TO_RAS_ERK_SIGNALING_PATHWAY",0.0269830332211919,0.0956466971105261,0.352487857583619,-0.555716103725421,-1.54269298006029,15
"KEGG_MEDICUS_VARIANT_FZD7_OVEREXPRESSION_TO_WNT_SIGNALING_PATHWAY",0.0308355488600127,0.100647231479082,0.352487857583619,0.542902554652576,1.48831563220735,36
"KEGG_MEDICUS_VARIANT_IGF2_OVEREXPRESSION_TO_RAS_ERK_SIGNALING_PATHWAY",0.411357340720222,0.630862797649727,0.0702812841717392,0.462210226831456,1.05802580997915,15
"KEGG_MEDICUS_VARIANT_IGH_MMSET_FUSION_TO_TRANSCRIPTIONAL_ACTIVATION",0.000161233693725518,0.00265517521900808,0.518848077743792,0.782066300748751,1.85093881486077,17
"KEGG_MEDICUS_VARIANT_LRP6_OVEREXPRESSION_TO_WNT_SIGNALING_PATHWAY",0.0258407971364349,0.0941343324255841,0.352487857583619,0.517960744007716,1.45529671464389,44
"KEGG_MEDICUS_VARIANT_MLL_AF4_FUSION_TO_TRANSCRIPTIONAL_ACTIVATION",0.124401913875598,0.276539647796239,0.282013350011725,-0.383091439317273,-1.27599046791182,26
"KEGG_MEDICUS_VARIANT_MUTATION_ACTIVATED_CACNA1D_H_TO_ANGIOTENSIN_ALDOSTERONE_SIGNALING_PATHWAY",0.000719013553960263,0.00733393825039468,0.477270815362862,-0.626821201254438,-2.03061436608251,23
"KEGG_MEDICUS_VARIANT_MUTATION_ACTIVATED_EGFR_TO_RAS_ERK_SIGNALING_PATHWAY",0.232142857142857,0.443218263958341,0.173747838999571,-0.431519163949535,-1.19791667098306,15
"KEGG_MEDICUS_VARIANT_MUTATION_ACTIVATED_FGFR3_TO_RAS_ERK_SIGNALING_PATHWAY",0.195571955719557,0.396981880266564,0.193813302725311,-0.431951126138989,-1.21931075107628,16
"KEGG_MEDICUS_VARIANT_MUTATION_ACTIVATED_GNAS_TO_ACTH_CORTISOL_SIGNALING_PATHWAY",0.0288082142629448,0.0979479284940123,0.352487857583619,-0.45833745939936,-1.55028130043182,27
"KEGG_MEDICUS_VARIANT_MUTATION_ACTIVATED_GNAS_TO_CRHR_PKA_ACTH_SIGNALING_PATHWAY",0.0162028528949034,0.0682578841159216,0.352487857583619,-0.511106221907134,-1.65575069050272,23
"KEGG_MEDICUS_VARIANT_MUTATION_ACTIVATED_KCNJ5_TO_ANGIOTENSIN_ALDOSTERONE_SIGNALING_PATHWAY",0.000485038488716986,0.00554830147783784,0.49849310876659,-0.638510632905304,-2.10170693490693,24
"KEGG_MEDICUS_VARIANT_MUTATION_ACTIVATED_MET_TO_RAS_ERK_SIGNALING_PATHWAY",0.789285714285714,0.917460317460318,0.0857844408075645,-0.275139141845806,-0.763798673135195,15
"KEGG_MEDICUS_VARIANT_MUTATION_ACTIVATED_PRKACA_TO_ACTH_CORTISOL_SIGNALING_PATHWAY",0.232472324723247,0.443218263958341,0.176694268938498,-0.419625130033232,-1.18451695460256,16
"KEGG_MEDICUS_VARIANT_MUTATION_ACTIVATED_SMO_TO_HEDGEHOG_SIGNALING_PATHWAY",0.126092384519351,0.276589746687608,0.136490437780413,0.495381264765123,1.29358783760298,28
"KEGG_MEDICUS_VARIANT_MUTATION_CAUSED_ABBERANT_ATXN2_3_TO_MGLUR5_CA2_APOPTOTIC_PATHWAY",0.802281368821293,0.924879681941829,0.0883594442500905,-0.264295284616168,-0.766264862154812,17
"KEGG_MEDICUS_VARIANT_MUTATION_CAUSED_ABERRANT_ABETA_TO_26S_PROTEASOME_MEDIATED_PROTEIN_DEGRADATION",0.628640776699029,0.821556598821077,0.0440640346597561,0.332354128214294,0.911117179705528,36
"KEGG_MEDICUS_VARIANT_MUTATION_CAUSED_ABERRANT_ABETA_TO_AGE_RAGE_SIGNALING_PATHWAY",0.380228136882129,0.605988593155893,0.137250779610133,-0.367336994422998,-1.06501117416713,17
"KEGG_MEDICUS_VARIANT_MUTATION_CAUSED_ABERRANT_ABETA_TO_ANTEROGRADE_AXONAL_TRANSPORT",0.527272727272727,0.727759197324415,0.126253987849115,-0.29465131041097,-0.969867486234946,24
"KEGG_MEDICUS_VARIANT_MUTATION_CAUSED_ABERRANT_ABETA_TO_ELECTRON_TRANSFER_IN_COMPLEX_I",0.76510067114094,0.91009059424345,0.127505315300183,-0.227491471503776,-0.867677081829511,51
"KEGG_MEDICUS_VARIANT_MUTATION_CAUSED_ABERRANT_ABETA_TO_ELECTRON_TRANSFER_IN_COMPLEX_IV",0.00756258880992938,0.0405991609796209,0.407017918923954,-0.606738444619255,-1.78969913757253,18
"KEGG_MEDICUS_VARIANT_MUTATION_CAUSED_ABERRANT_ABETA_TO_MACHR_CA2_APOPTOTIC_PATHWAY",0.442231075697211,0.660916772470557,0.129442887745046,-0.320436418571065,-0.990015201058519,20
"KEGG_MEDICUS_VARIANT_MUTATION_CAUSED_ABERRANT_ABETA_TO_MGLUR5_CA2_APOPTOTIC_PATHWAY",0.548387096774194,0.745806451612903,0.115240003147781,-0.298272631265159,-0.937017329548842,21
"KEGG_MEDICUS_VARIANT_MUTATION_CAUSED_ABERRANT_DCTN1_TO_RETROGRADE_AXONAL_TRANSPORT",0.660810810810811,0.842330003222688,0.0466948041282054,0.361983743693248,0.867848736733204,18
"KEGG_MEDICUS_VARIANT_MUTATION_CAUSED_ABERRANT_HTT_TO_26S_PROTEASOME_MEDIATED_PROTEIN_DEGRADATION",0.637135922330097,0.821556598821077,0.0434506826723125,0.329477548516129,0.903231310509705,36
"KEGG_MEDICUS_VARIANT_MUTATION_CAUSED_ABERRANT_HTT_TO_ANTEROGRADE_AXONAL_TRANSPORT",0.532156368221942,0.727759197324415,0.053457214108991,0.380192449998334,0.981259635527379,26
"KEGG_MEDICUS_VARIANT_MUTATION_CAUSED_ABERRANT_HTT_TO_MGLUR5_CA2_APOPTOTIC_PATHWAY",0.25,0.46375856615709,0.181383128498408,-0.362503787641354,-1.15967194049693,22
"KEGG_MEDICUS_VARIANT_MUTATION_CAUSED_ABERRANT_HTT_TO_RETROGRADE_AXONAL_TRANSPORT",0.700844390832328,0.861278648974668,0.0387962208304479,0.305321188215335,0.859292197488076,45
"KEGG_MEDICUS_VARIANT_MUTATION_CAUSED_ABERRANT_HTT_TO_TRANSPORT_OF_CALCIUM",0.416216216216216,0.633273291687426,0.0684714904492087,0.439567027188763,1.05385309672528,18
"KEGG_MEDICUS_VARIANT_MUTATION_CAUSED_ABERRANT_PSEN_TO_MGLUR5_CA2_APOPTOTIC_PATHWAY",0.0155519239127984,0.0682578841159216,0.380730400722792,-0.594889812468764,-1.65144096320519,15
"KEGG_MEDICUS_VARIANT_MUTATION_CAUSED_ABERRANT_SNCA_TO_26S_PROTEASOME_MEDIATED_PROTEIN_DEGRADATION",0.851941747572815,0.952307487697832,0.029777461260706,0.269135100111815,0.737808236928335,36
"KEGG_MEDICUS_VARIANT_MUTATION_CAUSED_ABERRANT_SNCA_TO_ANTEROGRADE_AXONAL_TRANSPORT",0.531725888324873,0.727759197324415,0.05378728077603,0.380634715991528,0.974021190185357,25
"KEGG_MEDICUS_VARIANT_MUTATION_CAUSED_ABERRANT_SNCA_TO_ELECTRON_TRANSFER_IN_COMPLEX_I",0.878612716763006,0.957023255813954,0.107972360317345,-0.203617232270563,-0.770130573947675,45
"KEGG_MEDICUS_VARIANT_MUTATION_CAUSED_ABERRANT_SOD1_TO_26S_PROTEASOME_MEDIATED_PROTEIN_DEGRADATION",0.688781664656212,0.851848629839061,0.0395979123961192,0.313622223046329,0.870030566240173,41
"KEGG_MEDICUS_VARIANT_MUTATION_CAUSED_ABERRANT_SOD1_TO_RETROGRADE_AXONAL_TRANSPORT",0.463476070528967,0.666793725819055,0.0598603117764473,0.392257345741468,1.01651773983263,27
"KEGG_MEDICUS_VARIANT_MUTATION_CAUSED_ABERRANT_TDP43_TO_ELECTRON_TRANSFER_IN_COMPLEX_I",0.994219653179191,1,0.10027910675413,-0.155767147414171,-0.589149755659508,45
"KEGG_MEDICUS_VARIANT_MUTATION_INACTIVATED_ATP1A1_TO_ANGIOTENSIN_ALDOSTERONE_SIGNALING_PATHWAY",0.00106781266961596,0.0101318039349608,0.45505986738723,-0.614217845622784,-2.02174535420846,24
"KEGG_MEDICUS_VARIANT_MUTATION_INACTIVATED_ATP2B3_TO_ANGIOTENSIN_ALDOSTERONE_SIGNALING_PATHWAY",0.00016269455998824,0.00265517521900808,0.518848077743792,-0.688983959738346,-2.20410211644884,22
"KEGG_MEDICUS_VARIANT_MUTATION_INACTIVATED_FGF17_TO_RAS_ERK_SIGNALING_PATHWAY",0.207142857142857,0.412264808362369,0.184706471207739,-0.446405052663587,-1.23924056976371,15
"KEGG_MEDICUS_VARIANT_MUTATION_INACTIVATED_PDE11A_PDE8B_TO_ACTH_CORTISOL_SIGNALING_PATHWAY",0.215686274509804,0.42512077294686,0.190023305279108,-0.396673836385472,-1.1906797389859,19
"KEGG_MEDICUS_VARIANT_MUTATION_INACTIVATED_PINK1_TO_ELECTRON_TRANSFER_IN_COMPLEX_I",0.890173410404624,0.961262806138152,0.107140237276725,-0.199093563291156,-0.75302094256426,45
"KEGG_MEDICUS_VARIANT_MUTATION_INACTIVATED_PRKAR1A_TO_ACTH_CORTISOL_SIGNALING_PATHWAY",0.178707224334601,0.366394711198578,0.206587922696891,-0.417856405434903,-1.21148086836315,17
"KEGG_MEDICUS_VARIANT_MUTATION_INACTIVATED_PTCH1_TO_HEDGEHOG_SIGNALING_PATHWAY",0.126092384519351,0.276589746687608,0.136490437780413,0.495381264765123,1.29358783760298,28
"KEGG_MEDICUS_VARIANT_MUTATION_INACTIVATED_RASD1_TO_CRHR_PKA_ACTH_SIGNALING_PATHWAY",0.00753814789349364,0.0405991609796209,0.407017918923954,-0.527428539043132,-1.75674452429183,26
"KEGG_MEDICUS_VARIANT_MUTATION_INACTIVATED_UBQLN2_TO_26S_PROTEASOME_MEDIATED_PROTEIN_DEGRADATION",0.667068757539204,0.84256799188445,0.0410713282497468,0.316326388097593,0.876756021386815,40
"KEGG_MEDICUS_VARIANT_MUTATION_INACTIVATED_VCP_TO_26S_PROTEASOME_MEDIATED_PROTEIN_DEGRADATION",0.685162846803378,0.851848629839061,0.0398406946073899,0.31287249022444,0.867182916291936,40
"KEGG_MEDICUS_VARIANT_NOTCH_OVEREXPRESSION_TO_NOTCH_SIGNALING_PATHWAY",0.813019390581717,0.929167794843644,0.0383205781976994,0.335391987484968,0.767731561570782,15
"KEGG_MEDICUS_VARIANT_SCRAPIE_CONFORMATION_PRPSC_TO_26S_PROTEASOME_MEDIATED_PROTEIN_DEGRADATION",0.754854368932039,0.902404861951903,0.0356176233437444,0.29800990306842,0.816965758382114,36
"KEGG_MEDICUS_VARIANT_SCRAPIE_CONFORMATION_PRPSC_TO_MGLUR5_CA2_APOPTOTIC_PATHWAY",0.00982423934966032,0.0488815811544074,0.380730400722792,-0.59441694353772,-1.75335435003717,18
"KEGG_MEDICUS_VARIANT_SCRAPIE_CONFORMATION_PRPSC_TO_TRANSPORT_OF_CALCIUM",0.464140730717185,0.666793725819055,0.0632191170859458,0.431033990498624,1.02014054661913,17
"KEGG_MELANOGENESIS",0.441239316239316,0.660916772470557,0.0544555953940371,0.331025647784318,1.02172502321824,99
"KEGG_MELANOMA",0.425555555555556,0.643061728395062,0.0579754757571486,0.351962915806201,1.04547393962418,69
"KEGG_METABOLISM_OF_XENOBIOTICS_BY_CYTOCHROME_P450",1.91339304334813e-06,0.000130110726947673,0.627256739718528,-0.545725595684287,-2.1175174763063,61
"KEGG_MISMATCH_REPAIR",0.135064935064935,0.288515672808867,0.134273452883202,0.509324252279418,1.28390493339012,23
"KEGG_MTOR_SIGNALING_PATHWAY",0.0481491706351978,0.139775965940094,0.321775918075361,-0.365528274780418,-1.38805380203809,50
"KEGG_NATURAL_KILLER_CELL_MEDIATED_CYTOTOXICITY",0.155075120317983,0.322809434131312,0.249246554383295,-0.259268411659718,-1.0928425000231,117
"KEGG_NEUROACTIVE_LIGAND_RECEPTOR_INTERACTION",6.51845420888641e-08,6.64882329306414e-06,0.704975715167238,-0.364395029012674,-1.70263865220471,245
"KEGG_NEUROTROPHIN_SIGNALING_PATHWAY",0.0162117768363122,0.0682578841159216,0.352487857583619,-0.304427877871703,-1.33395112573593,125
"KEGG_NICOTINATE_AND_NICOTINAMIDE_METABOLISM",0.0377245002046282,0.119314698321615,0.321775918075361,-0.462738111861958,-1.49906010805044,23
"KEGG_NITROGEN_METABOLISM",0.0162028528949034,0.0682578841159216,0.352487857583619,-0.513655707435301,-1.66400985903316,23
"KEGG_NOD_LIKE_RECEPTOR_SIGNALING_PATHWAY",0.973913043478261,1,0.128788713061714,-0.172406345889509,-0.666130645356498,62
"KEGG_NON_SMALL_CELL_LUNG_CANCER",0.3203125,0.532596768701048,0.222056046145248,-0.283575316984705,-1.08584275612412,54
"KEGG_NOTCH_SIGNALING_PATHWAY",0.988095238095238,1,0.102449405629826,-0.176610204228384,-0.669297110423919,46
"KEGG_NUCLEOTIDE_EXCISION_REPAIR",0.346153846153846,0.560884353741497,0.0718276293603809,0.394448083207459,1.10826738557014,44
"KEGG_N_GLYCAN_BIOSYNTHESIS",0.452380952380952,0.661546338965694,0.159646701919906,-0.262835742761648,-0.996064773918782,46
"KEGG_OLFACTORY_TRANSDUCTION",0.0087587241010448,0.0443051820314626,0.380730400722792,0.470630333045895,1.46668663261898,112
"KEGG_ONE_CARBON_POOL_BY_FOLATE",0.468200270635995,0.670265650594687,0.0628003977812234,0.430183307318121,1.01812721026078,17
"KEGG_OOCYTE_MEIOSIS",0.976768743400211,1,0.0130773356900516,0.216909838277638,0.673845111632615,108
"KEGG_OTHER_GLYCAN_DEGRADATION",0.475,0.677622377622378,0.116739204791222,-0.359029226494518,-0.996681333573943,15
"KEGG_OXIDATIVE_PHOSPHORYLATION",1,1,0.224966093540314,-0.165003337271948,-0.722423288631577,126
"KEGG_O_GLYCAN_BIOSYNTHESIS",0.0529100186041256,0.149911719378356,0.321775918075361,-0.407465830411995,-1.39983749262308,30
"KEGG_P53_SIGNALING_PATHWAY",0.593333333333333,0.785974025974026,0.0426733861156084,0.317375491849893,0.942017434269886,68
"KEGG_PANCREATIC_CANCER",0.732673267326733,0.88902515137911,0.161978948883402,-0.223224852822634,-0.876354308664939,70
"KEGG_PANTOTHENATE_AND_COA_BIOSYNTHESIS",0.287822878228782,0.501845018450184,0.157402899305283,-0.394914355361326,-1.11476343064674,16
"KEGG_PARKINSONS_DISEASE",0.0603011064625741,0.160802950566864,0.321775918075361,-0.276929425912233,-1.20435105874703,123
"KEGG_PATHOGENIC_ESCHERICHIA_COLI_INFECTION",0.843137254901961,0.945173745173745,0.0277292221875017,0.261874507336812,0.759907941895475,56
"KEGG_PATHWAYS_IN_CANCER",0.996984924623116,1,0.00434551079568136,0.188861507273099,0.614616519503461,322
"KEGG_PENTOSE_AND_GLUCURONATE_INTERCONVERSIONS",0.000413181663652322,0.00526806621156711,0.49849310876659,-0.644206625431483,-2.12045573308901,24
"KEGG_PENTOSE_PHOSPHATE_PATHWAY",0.92822966507177,0.980923491742501,0.0931454575337804,-0.206690304405345,-0.68843840181088,26
"KEGG_PEROXISOME",0.00285750527340777,0.0215900398435253,0.431707695803346,-0.388918958321525,-1.55733497962992,77
"KEGG_PHENYLALANINE_METABOLISM",0.583783783783784,0.780930438635357,0.0523759084097997,0.395297477700658,0.947717743222891,18
"KEGG_PHOSPHATIDYLINOSITOL_SIGNALING_SYSTEM",0.0162279773510892,0.0682578841159216,0.352487857583619,-0.343103194027493,-1.37265844766915,76
"KEGG_PORPHYRIN_AND_CHLOROPHYLL_METABOLISM",0.000187800955346818,0.00294703037621161,0.518848077743792,-0.556302717009604,-1.98604733395377,36
"KEGG_PPAR_SIGNALING_PATHWAY",2.54840456976876e-05,0.000742677903189752,0.575610261071129,-0.487768921821863,-1.90018125550425,68
"KEGG_PRIMARY_BILE_ACID_BIOSYNTHESIS",0.411764705882353,0.630862797649727,0.0696133438850965,0.451046197585726,1.05261769561483,16
"KEGG_PRIMARY_IMMUNODEFICIENCY",0.0012463819102707,0.0110548656389228,0.45505986738723,-0.520369346670576,-1.85876084011495,35
"KEGG_PRION_DISEASES",0.0224460757504307,0.0847962861682939,0.352487857583619,-0.436174084910045,-1.54064068644843,34
"KEGG_PROGESTERONE_MEDIATED_OOCYTE_MATURATION",0.4625,0.666793725819055,0.234392647294686,-0.253494567180029,-1.02180090748621,82
"KEGG_PROPANOATE_METABOLISM",0.00241151199577087,0.0192920959661669,0.431707695803346,-0.530264417804901,-1.87068794990398,32
"KEGG_PROSTATE_CANCER",0.0579473806042402,0.158674706621007,0.321775918075361,-0.295599869315664,-1.21414312990609,88
"KEGG_PROTEASOME",0.642344497607656,0.821556598821077,0.0424170054438747,0.319919072726043,0.897931069433117,43
"KEGG_PROTEIN_EXPORT",0.564655172413793,0.760327756913623,0.11776578836269,-0.289185709687802,-0.936829602098047,23
"KEGG_PROXIMAL_TUBULE_BICARBONATE_RECLAMATION",0.000472848112413666,0.00554830147783784,0.49849310876659,-0.660623557878051,-2.11337544439778,22
"KEGG_PURINE_METABOLISM",0.0794466736617308,0.197647822280404,0.287805130535564,-0.253760846000888,-1.13431325876784,155
"KEGG_PYRIMIDINE_METABOLISM",0.713826366559486,0.871979513641527,0.0323604297137014,0.281663877752975,0.867462707241396,96
"KEGG_PYRUVATE_METABOLISM",0.261363636363636,0.47184231697506,0.208955027549354,-0.308750718248097,-1.10846899803751,38
"KEGG_REGULATION_OF_ACTIN_CYTOSKELETON",0.00027432069231338,0.00381183835698615,0.49849310876659,-0.303617170222394,-1.34838264783749,205
"KEGG_REGULATION_OF_AUTOPHAGY",0.310483870967742,0.525632445455762,0.158514105424824,-0.352028814917043,-1.10589127362669,21
"KEGG_RENAL_CELL_CARCINOMA",0.0119499611595456,0.0554043653760752,0.380730400722792,-0.36539288103649,-1.43448913327878,70
"KEGG_RENIN_ANGIOTENSIN_SYSTEM",0.00367834507957616,0.0254696879136297,0.431707695803346,-0.631265215531981,-1.83021181806264,17
"KEGG_RETINOL_METABOLISM",3.07974519220329e-06,0.000157067004802368,0.627256739718528,-0.554118275510007,-2.17059247131265,57
"KEGG_RIBOFLAVIN_METABOLISM",0.879616963064295,0.957023255813954,0.0340463727579649,0.291732211685425,0.680822696310541,16
"KEGG_RIBOSOME",0.0966340933767644,0.22659028791793,0.14641623786055,0.417228753053781,1.27083939272196,87
"KEGG_RIG_I_LIKE_RECEPTOR_SIGNALING_PATHWAY",0.448673587081892,0.661176642442391,0.0572461135202884,0.354155744158718,1.0276898098675,56
"KEGG_RNA_DEGRADATION",0.29364161849711,0.505509621716544,0.0782955249944794,0.389492756189552,1.13085127436338,57
"KEGG_RNA_POLYMERASE",0.131086142322097,0.281490242460083,0.133554954557592,0.491778318378839,1.29042469736028,29
"KEGG_SELENOAMINO_ACID_METABOLISM",0.784688995215311,0.916128103634401,0.103197466945307,-0.241161977422209,-0.80325570564017,26
"KEGG_SMALL_CELL_LUNG_CANCER",0.670886075949367,0.84256799188445,0.193813302725311,-0.223873441270721,-0.914579179448755,84
"KEGG_SNARE_INTERACTIONS_IN_VESICULAR_TRANSPORT",0.221590909090909,0.430519480519481,0.227987202850442,-0.313691184688413,-1.12620613535012,38
"KEGG_SPHINGOLIPID_METABOLISM",0.00577787232600833,0.0336903351680992,0.407017918923954,-0.46706642281797,-1.68993588150646,37
"KEGG_SPLICEOSOME",0.369022869022869,0.59043659043659,0.0615706755421678,0.338501277109732,1.06076670440918,126
"KEGG_STARCH_AND_SUCROSE_METABOLISM",7.16591160802777e-09,9.74563978691777e-07,0.761460801445585,-0.686191282215217,-2.56717998595041,44
"KEGG_STEROID_BIOSYNTHESIS",0.359945872801083,0.578180772058432,0.0758886900606117,0.46460110947862,1.09958481287078,17
"KEGG_STEROID_HORMONE_BIOSYNTHESIS",0.000489556012750397,0.00554830147783784,0.477270815362862,-0.488341382686388,-1.8638236969162,48
"KEGG_SYSTEMIC_LUPUS_ERYTHEMATOSUS",4.78341885829485e-06,0.000216848321576033,0.610526878385931,0.5657520124196,1.77385562234702,119
"KEGG_TASTE_TRANSDUCTION",0.631009615384615,0.821556598821077,0.0434506826723125,0.322016499543481,0.904758824425066,44
"KEGG_TGF_BETA_SIGNALING_PATHWAY",0.904761904761905,0.968878890138733,0.0202691096367175,0.23838185622995,0.725220030888763,85
"KEGG_THYROID_CANCER",0.383084577114428,0.607751937984496,0.158514105424824,-0.3048062774083,-1.04579111944885,29
"KEGG_TIGHT_JUNCTION",0.0184506514959787,0.075278658103593,0.352487857583619,-0.291389588877701,-1.26755160598437,128
"KEGG_TOLL_LIKE_RECEPTOR_SIGNALING_PATHWAY",0.802469135802469,0.924879681941829,0.173747838999571,-0.211528587433586,-0.867559975160066,87
"KEGG_TRYPTOPHAN_METABOLISM",0.0553284203567573,0.154616407572308,0.321775918075361,-0.378122567327903,-1.37044431322632,39
"KEGG_TYPE_II_DIABETES_MELLITUS",0.003683116634569,0.0254696879136297,0.431707695803346,-0.443694997064373,-1.67816387118379,45
"KEGG_TYPE_I_DIABETES_MELLITUS",0.929782082324455,0.980923491742501,0.0251307059474849,0.24096847979839,0.664144618733664,38
"KEGG_TYROSINE_METABOLISM",0.0959843661615528,0.226367753722044,0.287805130535564,-0.351229093610228,-1.30289235102076,42
"KEGG_T_CELL_RECEPTOR_SIGNALING_PATHWAY",0.000697596037793125,0.00729792777998962,0.477270815362862,-0.363957347726386,-1.56465610581592,105
"KEGG_UBIQUITIN_MEDIATED_PROTEOLYSIS",1,1,0.00842359386195179,0.168195641612529,0.529558561860995,134
"KEGG_VALINE_LEUCINE_AND_ISOLEUCINE_DEGRADATION",0.000196638647363139,0.00297142844904299,0.518848077743792,-0.520215022431962,-1.94622932204379,44
"KEGG_VASCULAR_SMOOTH_MUSCLE_CONTRACTION",2.82026914960545e-06,0.000157067004802368,0.627256739718528,-0.428953293421576,-1.81143161591519,114
"KEGG_VASOPRESSIN_REGULATED_WATER_REABSORPTION",0.0137051542101703,0.0621300324194387,0.380730400722792,-0.414825160880038,-1.53880341621512,42
"KEGG_VEGF_SIGNALING_PATHWAY",0.597701149425287,0.789197634192613,0.195789002148949,-0.23632829773733,-0.941368778069013,75
"KEGG_VIBRIO_CHOLERAE_INFECTION",0.968568102444703,1,0.020562605901185,0.216041838347226,0.622799747875101,52
"KEGG_VIRAL_MYOCARDITIS",0.000868199468836709,0.00843393769727088,0.477270815362862,-0.419268485264085,-1.63847037444896,67
"KEGG_WNT_SIGNALING_PATHWAY",0.25437693099897,0.46375856615709,0.0797705918628453,0.354633866778152,1.12122994911888,147
