"category","subcategory","ID","Description","GeneRatio","BgRatio","RichFactor","FoldEnrichment","zScore","pvalue","p.adjust","qvalue","geneID","Count"
"Environmental Information Processing","Signaling molecules and interaction","hsa04080","Neuroactive ligand-receptor interaction","176/2364","323/7713",0.544891640866873,1.77781270135626,9.49347082971133,8.58562620186649e-20,3.00496917065327e-17,2.57568786055995e-17,"2906/9340/3352/8862/2563/2904/5021/27346/64106/2899/5697/90226/5028/4828/6865/9934/1908/5023/2150/5025/1902/6752/140/100506013/66004/3814/5734/1907/7349/2901/6750/117/2564/7432/116443/387129/6755/553/1268/5645/5030/7068/7433/22953/185/4887/10874/10022/286530/5539/154/1511/5644/624/4852/183/1909/623/1910/10800/2893/2147/2690/2908/3360/796/1241/5745/283869/3363/84634/2568/148/1138/1134/4157/2151/7425/7434/1813/1269/2587/6753/6344/3953/150/2925/1901/1136/53637/2918/3060/5029/2912/5368/1132/100996758/1143/2922/130576/5179/6751/56923/147/3001/1129/51289/4886/27334/155/80763/2903/10316/56413/152/116444/5540/2892/2890/6869/3972/8973/57105/6019/53829/2560/2641/1144/4985/5729/4142/1146/2566/165829/2898/3827/84539/2914/1816/4889/114131/3358/2565/4543/153/57152/3952/2891/5020/2358/5617/51083/4159/116/2556/2797/1081/2897/89832/2569/2831/2798/4988/186/4923/2557/7201/886/2741/797/2692/2834/23620/2911/3375/2915",176
NA,NA,"hsa04382","Cornified envelope formation","97/2364","179/7713",0.541899441340782,1.76805008082126,6.91152995075186,3.11436588172043e-11,4.2248901745163e-09,3.62133443529969e-09,"144501/9076/25984/137075/9075/6273/3854/3872/6282/1294/51099/9119/11240/5317/1830/5523/147409/3853/54474/10686/3868/51208/6703/3855/28227/23562/51702/6699/6698/6700/2125/26154/9073/2053/59344/3889/1828/3866/7122/9080/5521/1366/5010/1288/3857/29943/6274/286887/6707/6785/342574/79852/3852/6276/6278/1282/192666/9074/3848/6271/3851/8688/3881/3882/3860/5522/6704/3886/3713/7051/3859/353135/3885/55304/1308/49861/8687/125115/1287/121391/196374/1041/3850/8689/7062/9071/147183/3891/149461/388697/3890/3887/390792/388698/112802/23581/6705",97
NA,NA,"hsa04082","Neuroactive ligand signaling","101/2364","189/7713",0.534391534391534,1.74355410522923,6.88002524809555,3.62133443529969e-11,4.2248901745163e-09,3.62133443529969e-09,"2906/3352/2767/2563/57030/2904/115/2899/2788/5028/2775/6865/9934/5023/5025/246213/111/54331/140/63910/5567/2901/55970/2564/5579/116443/1103/6536/5030/22953/64805/5582/6505/154/108/2893/2770/109/94235/60482/3360/3363/2568/148/1813/285242/2790/2786/150/2774/1136/2918/5029/2792/2912/5368/1132/3359/1143/5179/147/1129/2791/9177/6571/2903/6529/152/5332/116444/2892/2890/6869/8973/53829/2560/6572/4985/6531/51764/2566/2898/2914/1816/3358/2565/153/170572/2891/4159/2556/140679/2897/89832/2569/4988/2557/181/2741/2911/2915",101
"Environmental Information Processing","Signaling molecules and interaction","hsa04060","Cytokine-cytokine receptor interaction","129/2364","261/7713",0.494252873563218,1.61259408366883,6.69310404653994,8.81901232742382e-11,7.71663578649584e-09,6.61425924556786e-09,"3624/3570/51330/9518/651/3589/2921/3977/6374/8744/6368/6387/8743/2919/9966/5473/268/51561/3976/650/3576/23495/8795/94/608/655/284340/3552/285613/2920/1437/768211/1271/3603/56477/53832/10913/83729/11009/652/84957/654/653/729230/6359/2690/1237/6358/6355/27189/6357/3557/6372/2826/939/6373/5008/3625/1524/8742/4982/10344/3572/355/3953/10148/8600/6369/7850/1435/115650/6366/3587/1440/643/6363/27190/1436/27177/338376/6846/130399/4804/26525/6364/7292/6348/10803/3568/959/6352/3605/6356/2660/920/3623/5196/1439/3553/4050/1236/6360/56300/970/4838/10563/51554/3598/269/4803/112744/50604/6349/3586/55504/8808/2829/6375/27178/3952/3596/8794/5617/2056/8200/392255/3567/56832/6346",129
"Environmental Information Processing","Signal transduction","hsa04020","Calcium signaling pathway","120/2364","247/7713",0.48582995951417,1.58511272323722,6.2131948465851,1.57258974927144e-09,1.10081282449001e-07,9.43553849562863e-08,"2906/5333/51196/4233/2767/2277/6786/2904/4638/5021/115/9965/6865/7422/493/5023/84812/5025/2185/5350/100130933/5567/113026/5579/116443/845/5336/553/22953/5582/26281/2263/844/185/154/80310/624/6263/8912/5255/490/1909/623/108/492/1910/10800/8817/109/2668/6543/3360/4485/489/3363/8877/4842/148/5137/6546/776/255231/2255/5136/3270/6547/2774/2925/2248/3706/2264/814/487/147/1129/2253/2260/3708/155/57118/5156/2769/2903/56413/810/5332/116444/491/6869/2247/8822/57105/815/163688/5153/4916/775/8074/6588/2254/4803/26291/1816/952/3358/153/2252/7125/100507027/51806/777/89832/2249/4923/7201/2066/886/10345/2911/2915",120
"Organismal Systems","Digestive system","hsa04974","Protein digestion and absorption","57/2364","97/7713",0.587628865979381,1.9172510335444,6.04340301396401,7.72044899123976e-09,4.50359524488986e-07,3.86022449561988e-07,"1300/1301/206358/4225/1294/477/6550/340024/1277/482/5645/6520/6505/4224/1299/5644/81578/85301/1303/6543/6510/1290/3783/1288/1289/6564/6546/1359/6547/23436/1278/1310/1295/169044/1361/91522/8645/256076/7512/1282/50509/7373/340267/1281/131873/136227/1308/3769/1287/1297/1298/1360/1302/11136/153201/57642/63036",57
"Cellular Processes","Cell motility","hsa04820","Cytoskeleton in muscle cells","109/2364","228/7713",0.478070175438596,1.55979495057441,5.70389399263898,2.71566260912556e-08,1.35783130456278e-06,1.16385540391096e-06,"1301/6712/1465/10529/1311/6641/2273/8736/10398/288/11155/81624/270/4629/7137/477/72/25802/8516/7169/51332/287/2318/271/7168/171024/23500/1824/633/1277/7138/482/7111/3673/284217/3679/6445/1299/114793/4703/343263/7414/1674/84823/1756/27295/161176/85301/22989/6442/1290/8910/8082/22801/1634/1288/7058/127294/56776/1289/64236/84665/2192/375790/4622/1278/7139/3690/256076/4607/165904/1462/1282/50509/3695/57159/23345/7140/3696/1281/57644/27063/4606/131873/1837/29767/4892/2199/1158/84675/7060/29895/1287/1297/1298/91977/57731/4624/4608/7125/8557/84467/4633/9499/1302/4620/84676/8048/7273",109
"Organismal Systems","Digestive system","hsa04970","Salivary secretion","51/2364","86/7713",0.593023255813954,1.93485125723055,5.79543202681125,3.11339982261907e-08,1.36211242239584e-06,1.16752493348215e-06,"1469/5593/1470/115/1472/477/493/111/6548/4025/482/362/5567/5579/3778/6558/4586/5582/6844/54831/154/6263/490/108/492/109/3783/4842/148/1473/147/3708/155/683/810/5332/491/5592/163688/5555/5554/4069/653247/2982/820/55503/952/153/5542/51806/4589",51
NA,NA,"hsa04081","Hormone signaling","94/2364","196/7713",0.479591836734694,1.56475966020926,5.32402855875858,2.05565035792527e-07,7.99419583637604e-06,6.85216785975089e-06,"5593/2980/2767/5021/2981/115/2788/90226/2775/268/111/54331/6752/3481/5567/7349/55970/6750/7432/10672/6755/553/7068/7433/1734/4881/185/154/183/2852/108/2770/109/94235/2690/796/5745/4842/148/4157/7434/1813/6753/2790/2786/3953/150/3060/2792/3690/5368/2520/341208/5179/6751/147/2791/155/2769/152/5332/3479/5592/3972/57817/2641/5296/4985/53919/51764/269/84539/1816/114131/153/3952/5020/4883/5617/4159/2056/2797/1081/4880/2798/4988/186/7201/886/797/2692/2834/9370/3375",94
"Environmental Information Processing","Signaling molecules and interaction","hsa04061","Viral protein interaction with cytokine and cytokine receptor","52/2364","96/7713",0.541666666666667,1.76729060913706,5.02891701607707,1.23164168796353e-06,4.31074590787235e-05,3.69492506389059e-05,"3570/2921/6374/6368/6387/8743/2919/5473/3576/8795/2920/56477/53832/11009/729230/6359/1237/6358/6355/6357/6372/2826/6373/1524/10344/3572/6369/1435/6366/3587/643/6363/1436/6846/6364/6348/10803/6352/6356/5196/1236/6360/10563/51554/50604/6349/3586/2829/6375/27178/8794/6346",52
"Organismal Systems","Digestive system","hsa04976","Bile secretion","45/2364","83/7713",0.542168674698795,1.76892850590178,4.6820245469272,6.15308973272851e-06,0.000195780127859544,0.000167811538165323,"200931/9429/760/8647/123264/343/28234/8671/54576/115/54575/477/6550/111/6548/1244/482/5567/6256/9971/7366/54658/6513/7367/108/79799/109/570/10998/10599/6579/366/1576/6344/5243/6555/358/54600/54578/7363/64240/115072896/361/6822/10720",45
"Environmental Information Processing","Signal transduction","hsa04024","cAMP signaling pathway","92/2364","212/7713",0.433962264150943,1.41588449382243,4.08180283905954,4.8394415513582e-05,0.00141150378581281,0.00120986038783955,"2906/3352/51/51196/64091/6662/2904/5906/10398/5021/115/84699/7137/477/1908/493/1258/268/11149/111/6548/6752/1907/5350/482/5567/6750/117/7432/116443/6755/1261/4881/5337/154/4852/27198/490/1909/108/492/2893/2770/109/3360/5595/489/5139/1259/64399/7434/1813/776/139760/5602/5881/5144/814/6751/487/1129/8843/338442/4886/627/2903/810/2737/116444/491/2892/2890/3972/3776/5348/815/163688/775/2641/5296/7074/10846/1816/64208/153/2891/5020/51806/116/1081/54714/610",92
"Organismal Systems","Digestive system","hsa04978","Mineral absorption","32/2364","57/7713",0.56140350877193,1.83168581351857,4.18954352477156,5.38795259339736e-05,0.00145060262129929,0.00124337367539939,"140803/4494/4499/477/4495/4496/493/1811/6550/3162/340024/482/7421/115019/79901/1181/4502/4891/490/492/6543/4493/113235/6546/4501/6547/341208/491/55503/795/6569/10568",32
"Organismal Systems","Sensory system","hsa04740","Olfactory transduction","59/2364","125/7713",0.472,1.53998984771574,4.04620504997683,6.69277860409794e-05,0.0016717524334647,0.00143293065725545,"5593/5138/2788/1258/408/5567/1261/109/6543/5997/5137/6546/5136/6547/2774/81285/123041/810/5592/815/163688/5153/8590/143503/26539/390036/343171/51764/341276/219487/393046/26219/3000/144125/284521/26212/347168/338755/51806/282763/7932/4992/135941/343172/120776/143502/127069/390037/23538/284433/341152/158131/127062/219432/26211/283159/130075/127077/120796",59
"Human Diseases","Substance dependence","hsa05033","Nicotine addiction","23/2364","37/7713",0.621621621621622,2.02815886952943,4.16739391219673,7.16465328627727e-05,0.0016717524334647,0.00143293065725545,"2906/2563/57030/2904/246213/2564/116443/2893/2568/2903/116444/2892/2890/8973/2560/2566/2565/2891/2556/140679/89832/2569/2557",23
"Human Diseases","Cardiovascular disease","hsa05414","Dilated cardiomyopathy","49/2364","101/7713",0.485148514851485,1.58288938030859,3.91984042685712,0.000116376362503072,0.00254573292975469,0.00218205679693259,"6641/115/7137/8516/7169/7168/111/59283/5350/5567/3673/284217/3679/782/6445/1674/1756/183/108/109/6543/6442/8910/8082/489/27092/22801/4842/6546/781/776/6547/7139/3690/4607/3695/487/3696/783/3479/1837/775/55799/4624/153/27091/786/4633/7273",49
"Organismal Systems","Immune system","hsa04610","Complement and coagulation cascades","41/2364","81/7713",0.506172839506173,1.65148524158676,3.91831059116517,0.000127441683992121,0.00262379937630837,0.00224897089397861,"5328/730/2244/2243/1191/2161/717/2162/3053/4179/624/5648/623/2147/2/2155/1675/5055/5054/2151/2266/5270/10544/2153/712/1361/1380/629/5345/11326/3075/714/1604/713/3426/3687/1378/725/3827/729/735",41
"Organismal Systems","Environmental adaptation","hsa04713","Circadian entrainment","46/2364","95/7713",0.484210526315789,1.57982901415976,3.78017764419521,0.000197262904644351,0.00369074410817759,0.00316349494986651,"2906/5593/2904/115/2788/2775/111/54331/5567/55970/117/5579/5582/5187/6263/8912/108/2893/2770/109/94235/8863/5595/4842/2790/776/2786/2792/9252/2791/3708/2903/810/5332/2892/2890/5592/815/163688/775/51764/2982/4543/2891/51806/116",46
"Metabolism","Metabolism of cofactors and vitamins","hsa00830","Retinol metabolism","32/2364","60/7713",0.533333333333333,1.74010152284264,3.82579780762136,0.000200354680158212,0.00369074410817759,0.00316349494986651,"54884/54576/54575/5959/126/125/54905/10170/7366/54658/8608/7367/9227/79799/1562/8630/29785/1576/316/1558/145226/56603/1592/130/124/54600/54578/7363/1543/50700/6121/10720",32
"Metabolism","Lipid metabolism","hsa00140","Steroid hormone biosynthesis","29/2364","53/7713",0.547169811320755,1.78524566612393,3.813291854352,0.00022034435297344,0.0038560261770352,0.0033051652946016,"79154/54576/54575/6820/3291/1109/51170/3294/3284/7366/54658/7367/79799/8630/1576/1312/340811/1583/1646/1588/8644/54600/54578/7363/6716/1543/6783/1586/10720",29
"Genetic Information Processing","Information processing in viruses","hsa03265","Virion - Ebolavirus, Lyssavirus and Morbillivirus","10/2364","12/7713",0.833333333333333,2.71890862944162,3.9613279736607,0.000248803526942107,0.00412134783669579,0.00353258386002496,"4684/81607/30835/432/4179/1134/6504/10332/4804/4685",10
"Organismal Systems","Sensory system","hsa04742","Taste transduction","37/2364","73/7713",0.506849315068493,1.65369237187956,3.73043189336805,0.000259056149735164,0.00412134783669579,0.00353258386002496,"3352/5028/6338/6335/5567/6340/5030/22953/5726/6328/5137/285242/5136/8645/3359/9177/5332/80835/342372/5153/775/51764/259294/50831/259293/2914/50832/170572/50838/259290/2556/259289/259296/259292/2557/353164/2911",37
"Metabolism","Xenobiotics biodegradation and metabolism","hsa00982","Drug metabolism - cytochrome P450","31/2364","59/7713",0.525423728813559,1.7142949324615,3.66125766184878,0.000356504031196051,0.00542506134428773,0.00465005258081806,"2949/27306/2329/54576/54575/126/2330/4128/125/222/7366/54658/7367/79799/4129/1576/2950/316/2946/1558/2938/2326/130/124/54600/54578/7363/2327/2939/2944/10720",31
"Organismal Systems","Nervous system","hsa04724","Glutamatergic synapse","52/2364","113/7713",0.460176991150442,1.5014150307713,3.56944522394125,0.000387586335483697,0.00565230072580391,0.00484482919354621,"2906/57030/2904/115/2899/2788/2775/9456/9762/246213/111/54331/5567/2901/55970/27165/5579/116443/5582/6505/5337/108/2893/2770/109/94235/5595/2790/776/2786/123745/2918/2792/2912/10991/2791/3708/2903/100137049/5332/116444/2892/2890/775/51764/2898/2914/283748/2891/2897/2911/2915",52
"Human Diseases","Substance dependence","hsa05034","Alcoholism","73/2364","171/7713",0.426900584795322,1.39284442069641,3.45339557587104,0.000509634021696685,0.00713487630375359,0.00611560826036022,"2906/2904/84699/2788/2775/111/54331/4128/5567/6655/55970/116443/92815/7054/83933/4852/8364/2770/94235/4129/2030/5595/85235/8366/8356/128312/8353/1813/8346/8358/2790/3014/8360/2786/8332/9734/8354/8367/8348/55869/2792/440689/8331/8335/814/317772/2791/6571/627/2903/8368/810/8359/116444/653604/8340/163688/8341/8338/6531/51764/8342/8343/3018/440093/2354/8968/8970/51806/8345/8350/121504/8352",73
"Organismal Systems","Digestive system","hsa04972","Pancreatic secretion","45/2364","96/7713",0.46875,1.52938610406091,3.46966163156982,0.00057072655702504,0.007682857498414,0.006585306427212,"760/8671/1056/5906/115/477/493/1811/111/22802/6548/391013/482/5579/3778/6558/5645/5582/50487/5322/5644/490/108/492/109/489/6344/1359/23436/1361/8399/487/3708/5408/683/5332/491/64600/1179/952/26279/30814/1360/886/63036",45
"Human Diseases","Cancer: overview","hsa05204","Chemical carcinogenesis - DNA adducts","29/2364","56/7713",0.517857142857143,1.68960750543872,3.44300471230702,0.000747811969903821,0.0096938588691236,0.00830902188782023,"6799/2949/27306/54576/54575/6817/7366/9/54658/7367/79799/1562/10/1576/2950/2946/1558/1646/2938/54600/54578/7363/6818/5743/1543/6822/2939/2944/10720",29
"Organismal Systems","Circulatory system","hsa04261","Adrenergic signaling in cardiomyocytes","64/2364","149/7713",0.429530201342282,1.40142404524239,3.28921077919117,0.000907703748998463,0.0113462968624808,0.00972539731069781,"64091/115/84699/7137/477/7169/493/5523/11149/7168/111/59283/6548/6332/6330/5350/482/5567/28227/782/185/5502/154/183/490/108/492/2770/109/6543/5595/5521/489/5294/27092/596/148/6546/781/776/6547/6324/9252/7139/487/147/783/810/5332/491/5522/3776/815/163688/775/55799/4624/64208/153/27091/786/51806/4633/186",64
"Metabolism","Amino acid metabolism","hsa00350","Tyrosine metabolism","20/2364","35/7713",0.571428571428571,1.86439448875997,3.40716295477891,0.00100212923614872,0.0120946631948984,0.0103668541670558,"6898/126/4128/8639/125/222/7054/4129/4282/316/1312/7173/130/7306/124/3081/314/7299/5409/1638",20
"Organismal Systems","Endocrine system","hsa04924","Renin secretion","33/2364","67/7713",0.492537313432836,1.60699674217744,3.31724510788974,0.00104799160370897,0.012226568709938,0.0104799160370897,"5593/1908/111/22802/5734/1907/5567/117/3778/4881/185/154/183/1909/2770/5139/5137/776/5136/3708/155/5972/810/5332/163688/5153/358/775/1179/2982/153/51806/116",33
"Organismal Systems","Endocrine system","hsa03320","PPAR signaling pathway","36/2364","75/7713",0.48,1.56609137055838,3.27490183729252,0.00115395510713526,0.0130285254031401,0.0111673074884058,"51/2172/6258/4312/1376/6319/1374/6342/4973/23305/1962/6256/34/10580/2169/5105/364/5467/336/948/2168/10998/3158/28965/9415/4199/729359/1582/1375/5346/7350/2167/2173/33/9370/100509620",36
"Human Diseases","Infectious disease: bacterial","hsa05150","Staphylococcus aureus infection","37/2364","79/7713",0.468354430379747,1.52809548287605,3.13632361548896,0.00173848631934642,0.0190146941178515,0.0162983092438727,"25984/3872/54474/3868/717/5648/1828/3866/1675/3857/2266/342574/712/1672/629/192666/3075/8688/3881/714/3882/3860/713/3683/3426/3886/3859/3885/2204/8687/125115/820/3586/8689/2358/147183/390792",37
"Organismal Systems","Endocrine system","hsa04923","Regulation of lipolysis in adipocytes","27/2364","54/7713",0.5,1.63134517766497,3.09491453298446,0.00220829819993047,0.0234213445447171,0.0200754381811861,"5593/5742/115/51099/11343/54979/111/5567/4881/364/154/4852/108/2770/109/63924/4886/155/5592/11145/5296/5346/153/5743/2167/1081/100509620",27
"Human Diseases","Cardiovascular disease","hsa05410","Hypertrophic cardiomyopathy","43/2364","96/7713",0.447916666666667,1.46141338832487,3.02416009313917,0.00230411375233979,0.0237188180387919,0.0203304154618216,"6641/7137/8516/7169/7168/59283/3673/284217/3679/782/6445/1674/1756/183/6543/6442/8910/8082/489/27092/22801/4842/6546/781/776/6547/7139/3690/4607/3695/487/3696/783/3479/1837/775/55799/5563/4624/27091/786/4633/7273",43
"Environmental Information Processing","Signaling molecules and interaction","hsa04514","Cell adhesion molecules","63/2364","152/7713",0.414473684210526,1.35229929201176,2.91618379948099,0.00284385492111607,0.0284385492111607,0.024375899323852,"1001/9076/137075/9075/4359/257194/57863/64115/4684/8516/58494/10686/51208/23562/9378/8174/4756/5792/80381/83700/9073/120425/6900/7122/152404/9080/22871/1366/57502/5010/933/22865/6614/54413/1272/23114/79679/1462/3695/3385/9074/25945/84631/94030/959/3696/920/6693/3683/1493/1013/8506/22854/57689/1002/49861/925/3897/4897/4685/9379/9071/149461",63
"Human Diseases","Substance dependence","hsa05032","Morphine addiction","39/2364","87/7713",0.448275862068966,1.46258533169963,2.88452316398546,0.00353920887725314,0.0344089751955167,0.0294934073104429,"2563/5138/5151/115/2788/2775/111/54331/408/5567/27115/55970/2564/5579/5582/108/2770/109/94235/5139/2568/5137/2790/2786/5136/2792/5144/2791/5153/2560/51764/2566/10846/2565/2556/140679/2569/4988/2557",39
"Human Diseases","Cancer: overview","hsa05207","Chemical carcinogenesis - receptor activation","74/2364","185/7713",0.4,1.30507614213198,2.79206325055087,0.00391583913542494,0.037041721551317,0.031750047043986,"253152/595/6258/9314/4609/2949/54576/115/54575/84699/3326/1869/3838/990/7422/332/111/54852/408/7421/85315/5567/6655/6256/5579/993/1978/7366/5582/26281/54658/154/2053/7367/108/79799/8817/2770/109/5595/596/5241/776/1576/10683/2255/8600/2946/1136/2248/79852/1143/2253/155/367/2938/2247/8822/775/5296/54600/2254/54578/7363/27330/153/2252/7471/1543/89832/2249/2939/2944/10720",74
"Metabolism","Carbohydrate metabolism","hsa00040","Pentose and glucuronate interconversions","17/2364","31/7713",0.548387096774194,1.78921729163255,2.92692258034865,0.00427995324194089,0.039420621965245,0.0337891045416386,"7360/7358/54576/54575/6652/57016/7366/54658/7367/79799/55277/9365/54600/54578/7363/729020/10720",17
"Human Diseases","Cancer: overview","hsa05206","MicroRNAs in cancer","72/2364","180/7713",0.4,1.30507614213198,2.75316007045353,0.00439294462879656,0.0394238620533024,0.0337918817599735,"27250/994/595/4233/7148/2146/4609/6659/7473/9493/113130/960/1869/7422/5328/5268/898/7168/3162/672/1029/995/4082/1789/6655/1944/10018/27165/5579/5336/993/5582/6541/54541/90427/131405/10642/8434/7976/5595/406937/596/6935/1026/4854/5243/9252/3690/8091/407014/6624/5156/442891/1591/4318/5296/23414/9839/1946/442898/89780/5743/407019/406984/406983/7143/406903/406956/406954/619552/100500809/407011",72
"Environmental Information Processing","Signaling molecules and interaction","hsa04512","ECM-receptor interaction","39/2364","88/7713",0.443181818181818,1.44596504383941,2.7970045852619,0.00450941996041425,0.0394574246536247,0.0338206497031069,"1311/7148/3381/960/1101/8516/6696/1277/3673/284217/3679/1299/948/3161/5649/22801/1288/7058/375790/1278/3690/256076/9899/1282/3695/3696/2811/131873/10319/1758/7060/1287/1297/1298/158326/7143/2815/56955/1834",39
